product_id,product_category_name,month_year,qty,freight_price,unit_price,comp_1,ps1,fp1,comp_2,ps2,fp2,comp_3,ps3,fp3,lag_price
bed1,bed_bath_table,01-05-2017,1,15.1,45.95,89.9,3.9,15.01189655,215.0,4.4,8.76,45.95,4.0,15.1,45.9
bed1,bed_bath_table,01-06-2017,3,12.93333333,45.95,89.9,3.9,14.76921569,209.0,4.4,21.322,45.95,4.0,12.93333333,45.95
bed1,bed_bath_table,01-07-2017,6,14.84,45.95,89.9,3.9,13.99383333,205.0,4.4,22.1959322,45.95,4.0,14.84,45.95
bed1,bed_bath_table,01-08-2017,4,14.2875,45.95,89.9,3.9,14.65675676,199.5098039,4.4,19.41288462,45.95,4.0,14.2875,45.95
bed1,bed_bath_table,01-09-2017,2,15.1,45.95,89.9,3.9,18.77652174,163.3987097,4.4,24.3246875,45.95,4.0,15.1,45.95
bed1,bed_bath_table,01-10-2017,3,15.1,45.95,89.9,3.9,21.57214286,45.95,4.0,15.1,45.95,4.0,15.1,45.95
bed1,bed_bath_table,01-11-2017,11,15.83272727,40.53181818,89.9,3.9,16.294,40.53181818,4.0,15.83272727,40.53181818,4.0,15.83272727,45.95
bed1,bed_bath_table,01-12-2017,6,15.23,39.99,88.48823529,3.9,18.89833333,39.99,4.0,15.23,39.99,4.0,15.23,40.53181818
bed1,bed_bath_table,01-01-2018,19,16.53368421,39.99,86.9,3.9,19.38352941,39.99,4.0,16.53368421,39.99,4.0,16.53368421,39.99
bed1,bed_bath_table,01-02-2018,18,13.74944444,39.99,86.9,3.9,19.20909091,39.99,4.0,13.74944444,39.99,4.0,13.74944444,39.99
bed1,bed_bath_table,01-03-2018,17,16.46235294,39.99,86.9,3.9,19.98235294,39.99,4.0,16.46235294,39.99,4.0,16.46235294,39.99
bed1,bed_bath_table,01-04-2018,13,14.23615385,39.99,85.045,3.9,12.94,39.99,4.0,14.23615385,39.99,4.0,14.23615385,39.99
bed1,bed_bath_table,01-05-2018,19,10.25631579,39.99,83.64961538,3.9,16.78038462,39.99,4.0,10.25631579,39.99,4.0,10.25631579,39.99
bed1,bed_bath_table,01-06-2018,5,13.998,39.99,79.9,3.9,23.00565217,39.99,4.0,13.998,39.99,4.0,13.998,39.99
bed1,bed_bath_table,01-07-2018,8,20.4175,39.99,77.93333333,3.9,19.952,39.99,4.0,20.4175,39.99,4.0,20.4175,39.99
bed1,bed_bath_table,01-08-2018,8,16.33375,39.24,74.0,3.9,17.25571429,39.24,4.0,16.33375,39.24,4.0,16.33375,39.99
garden5,garden_tools,01-03-2017,6,32.68,69.9,69.9,4.1,32.68,69.9,4.1,32.68,69.9,4.1,32.68,69.85
garden5,garden_tools,01-04-2017,3,34.21666667,82.63333333,82.63333333,4.1,34.21666667,82.63333333,4.1,34.21666667,82.63333333,4.1,34.21666667,69.9
garden5,garden_tools,01-05-2017,20,39.8975,97.58823529,59.9,4.1,19.7325,59.9,4.2,26.24666667,97.58823529,4.1,39.8975,82.63333333
garden5,garden_tools,01-06-2017,8,40.80125,89.0,59.9,4.1,17.67,59.9,4.2,16.26,89.0,4.1,40.80125,97.58823529
garden5,garden_tools,01-07-2017,10,39.156,89.0,59.9,4.1,16.62642857,59.9,4.2,16.11157895,59.9,4.1,15.39230769,89.0
garden5,garden_tools,01-08-2017,7,39.5,97.33333333,59.9,4.1,18.16230769,59.9,4.2,17.68111111,59.9,4.1,18.05043478,89.0
garden5,garden_tools,01-09-2017,9,39.01888889,99.0,59.9,4.1,17.18702703,59.9,4.2,16.81176471,59.9,4.1,16.29461538,97.33333333
garden5,garden_tools,01-10-2017,14,45.77642857,99.0,59.9,4.1,18.06589744,59.9,4.2,17.59548387,59.9,4.1,16.81416667,99.0
garden5,garden_tools,01-11-2017,17,32.86352941,99.0,52.40694444,4.1,17.06747253,53.64828125,4.2,16.07586207,53.78571429,4.1,18.27550725,99.0
garden5,garden_tools,01-12-2017,11,38.05545455,99.0,55.1,4.1,15.75960784,55.425,4.2,19.184375,55.75,4.1,17.26727273,99.0
garden5,garden_tools,01-01-2018,4,41.54,99.5,49.9,4.1,19.495,49.9,4.2,15.84103448,49.9,4.1,16.50512821,99.0
garden5,garden_tools,01-02-2018,2,43.555,101.0,50.54516129,4.1,16.61153846,50.9,4.2,17.51944444,50.35714286,4.1,18.281875,99.5
garden5,garden_tools,01-03-2018,1,67.02,101.0,53.9,4.1,20.35967742,53.9,4.2,21.85285714,53.9,4.1,19.02423077,101.0
garden5,garden_tools,01-04-2018,1,79.76,101.0,53.9,4.1,5.28173913,53.9,4.2,19.46846154,53.9,4.1,19.07142857,101.0
consoles1,consoles_games,01-07-2017,13,13.47307692,19.9,19.9,4.2,13.47307692,19.9,3.9,11.85,19.9,4.2,13.47307692,19.85
consoles1,consoles_games,01-08-2017,24,16.16375,19.9,19.9,4.2,16.16375,19.9,3.9,15.83272727,19.9,4.2,16.16375,19.9
consoles1,consoles_games,01-09-2017,9,16.13333333,19.9,19.9,4.2,16.13333333,19.9,3.9,15.41111111,19.9,4.2,16.13333333,19.9
consoles1,consoles_games,01-10-2017,28,13.53428571,21.54285714,21.54285714,4.2,13.53428571,20.66666667,3.9,12.80333333,21.54285714,4.2,13.53428571,19.9
consoles1,consoles_games,01-11-2017,28,13.64535714,24.5,24.5,4.2,13.64535714,24.5,3.9,13.65217391,24.5,4.2,13.64535714,21.54285714
consoles1,consoles_games,01-12-2017,16,12.87375,24.5,24.5,4.2,12.87375,24.5,3.9,13.52470588,24.5,4.2,12.87375,24.5
consoles1,consoles_games,01-02-2018,5,15.256,32.5,32.5,4.2,15.256,32.5,3.9,11.85,32.5,4.2,15.256,32.45
consoles1,consoles_games,01-03-2018,6,18.05666667,32.5,32.5,4.2,18.05666667,32.74285714,3.9,14.02714286,32.5,4.2,18.05666667,32.5
consoles1,consoles_games,01-04-2018,7,12.98571429,35.05714286,35.05714286,4.2,12.98571429,34.2,3.9,15.015,35.05714286,4.2,12.98571429,32.5
consoles1,consoles_games,01-05-2018,3,15.87,36.2,36.2,4.2,15.87,36.2,4.2,15.87,36.2,4.2,15.87,35.05714286
consoles1,consoles_games,01-06-2018,2,18.35,36.2,36.2,4.2,18.35,36.2,4.2,18.35,36.2,4.2,18.35,36.2
consoles1,consoles_games,01-07-2018,1,22.18,36.2,36.2,4.2,22.18,36.2,4.2,22.18,36.2,4.2,22.18,36.2
garden7,garden_tools,01-04-2017,1,17.16,59.9,59.9,4.2,17.16,59.9,4.2,17.16,59.9,4.2,17.16,59.85
garden7,garden_tools,01-05-2017,1,13.44,59.9,59.9,4.1,19.7325,59.9,4.2,26.24666667,59.9,4.2,13.44,59.9
garden7,garden_tools,01-07-2017,4,17.67,59.9,59.9,4.1,16.62642857,59.9,4.2,16.11157895,59.9,4.1,15.39230769,59.85
garden7,garden_tools,01-08-2017,6,16.26,59.9,59.9,4.1,18.16230769,59.9,4.2,17.68111111,59.9,4.1,18.05043478,59.9
garden7,garden_tools,01-09-2017,5,16.782,59.9,59.9,4.1,17.18702703,59.9,4.2,16.81176471,59.9,4.1,16.29461538,59.9
garden7,garden_tools,01-10-2017,11,14.80727273,59.9,59.9,4.1,18.06589744,59.9,4.2,17.59548387,59.9,4.1,16.81416667,59.9
garden7,garden_tools,01-11-2017,20,16.016,51.32222222,52.40694444,4.1,17.06747253,53.64828125,4.2,16.07586207,53.78571429,4.1,18.27550725,59.9
garden7,garden_tools,01-12-2017,10,18.103,56.97777778,55.1,4.1,15.75960784,55.425,4.2,19.184375,55.75,4.1,17.26727273,51.32222222
garden7,garden_tools,01-01-2018,11,21.98272727,49.9,49.9,4.1,19.495,49.9,4.2,15.84103448,49.9,4.1,16.50512821,56.97777778
garden7,garden_tools,01-02-2018,8,14.08375,51.4,50.54516129,4.1,16.61153846,50.9,4.2,17.51944444,50.35714286,4.1,18.281875,49.9
garden7,garden_tools,01-03-2018,3,21.35,53.9,53.9,4.1,20.35967742,53.9,4.2,21.85285714,53.9,4.1,19.02423077,51.4
garden7,garden_tools,01-04-2018,8,19.56375,53.9,53.9,4.1,5.28173913,53.9,4.2,19.46846154,53.9,4.1,19.07142857,53.9
garden7,garden_tools,01-05-2018,9,16.46,52.9,53.41515152,4.1,10.75303571,53.70952381,4.2,13.51034483,53.05789474,4.1,12.98,53.9
garden7,garden_tools,01-06-2018,5,23.122,49.9,49.9,4.1,19.89083333,49.9,4.2,23.25166667,49.9,4.1,22.87866667,52.9
garden7,garden_tools,01-07-2018,6,20.99,49.9,49.91,4.1,28.37333333,49.9,4.2,33.28142857,49.9,4.1,20.99,49.9
garden7,garden_tools,01-08-2018,7,24.48142857,49.9,49.91,4.1,20.32833333,49.9,4.2,36.442,49.9,4.1,32.32,49.9
health9,health_beauty,01-02-2017,11,11.75090909,19.99,19.99,4.3,11.75090909,19.99,4.3,11.75090909,64.99,3.9,15.348,19.94
health9,health_beauty,01-03-2017,9,13.81888889,19.99,19.99,4.3,13.81888889,89.99,4.1,13.02,64.99,3.9,17.26222222,19.99
health9,health_beauty,01-04-2017,13,18.03846154,19.99,19.99,4.3,18.03846154,19.99,4.3,18.03846154,64.99,3.9,15.16888889,19.99
health9,health_beauty,01-05-2017,16,14.8475,19.99,19.99,4.3,14.8475,89.99,4.1,16.09833333,64.99,3.9,14.811875,19.99
health9,health_beauty,01-06-2017,21,12.68333333,19.99,19.99,4.3,12.68333333,89.99,4.1,14.16333333,58.79952381,3.9,13.90333333,19.99
health9,health_beauty,01-07-2017,29,11.13517241,19.99,19.99,4.3,11.13517241,89.99,4.1,12.11882353,59.25666667,3.9,17.998,19.99
health9,health_beauty,01-08-2017,28,14.27678571,23.39740741,23.39740741,4.3,14.27678571,89.99,4.1,13.41055556,58.99,3.9,16.24090909,19.99
health9,health_beauty,01-09-2017,24,16.12,23.99,23.99,4.3,16.12,89.99,4.1,13.96428571,58.99,3.9,15.6392,23.39740741
health9,health_beauty,01-10-2017,27,13.13666667,23.99,23.99,4.3,13.13666667,89.99,4.1,16.56291667,58.99,3.9,19.06526316,23.99
health9,health_beauty,01-11-2017,28,12.37535714,23.99,23.99,4.3,12.37535714,89.99,4.1,16.99038462,58.99,3.9,15.71166667,23.99
health9,health_beauty,01-12-2017,19,12.45684211,23.99,23.99,4.3,12.45684211,89.99,4.1,15.89473684,58.99,3.9,16.33222222,23.99
health9,health_beauty,01-01-2018,19,11.28736842,23.99,23.99,4.3,11.28736842,89.99,4.1,14.811,58.99,3.9,22.67833333,23.99
health9,health_beauty,01-02-2018,14,12.55,23.99,23.99,4.3,12.55,89.99,4.1,16.30764706,58.99,3.9,19.575,23.99
health9,health_beauty,01-03-2018,8,14.19875,23.99,23.99,4.3,14.19875,83.74,4.1,11.876875,58.99,3.9,15.228,23.99
health9,health_beauty,01-05-2018,7,7.988571429,23.99,23.99,4.3,7.988571429,79.99,4.1,21.943125,58.99,3.9,9.4225,23.94
health9,health_beauty,01-06-2018,3,16.27,23.99,23.99,4.3,16.27,79.99,4.1,13.36230769,58.99,3.9,16.43,23.99
health9,health_beauty,01-07-2018,3,18.81,23.99,23.99,4.3,18.81,79.99,4.1,16.745,58.99,3.9,7.67,23.99
health9,health_beauty,01-08-2018,2,16.77,23.99,23.99,4.3,16.77,82.82142857,4.1,12.41857143,58.99,3.9,12.08333333,23.99
cool4,cool_stuff,01-07-2017,1,15.7,134.99,99.99,4.2,16.52909091,129.99,4.3,18.715625,134.99,3.8,15.7,134.94
cool4,cool_stuff,01-08-2017,1,15.7,134.99,99.99,4.2,18.975,116.9275,4.3,19.02125,134.99,3.8,15.7,134.99
cool4,cool_stuff,01-10-2017,12,18.755,146.99,99.99,4.2,16.95,119.99,4.3,19.997,146.99,3.8,18.755,146.94
cool4,cool_stuff,01-11-2017,27,20.83703704,157.3603704,99.99,4.2,16.1875,129.99,4.3,22.67444444,157.3603704,3.8,20.83703704,146.99
cool4,cool_stuff,01-12-2017,29,24.47137931,166.99,99.99,4.2,15.26666667,129.99,4.3,25.59,166.99,3.8,24.47137931,157.3603704
cool4,cool_stuff,01-01-2018,13,25.28615385,166.99,99.99,4.2,16.54,129.99,4.3,17.41,29.5,4.4,16.53263158,166.99
cool4,cool_stuff,01-02-2018,8,22.87625,176.99,99.99,4.2,13.72,129.99,4.3,16.71,176.99,3.8,22.87625,166.99
cool4,cool_stuff,01-03-2018,11,23.95454545,173.8081818,99.99,4.2,20.78,129.99,4.3,18.49,35.0,4.4,16.25615385,176.99
cool4,cool_stuff,01-04-2018,6,24.87833333,169.99,89.86333333,4.2,19.87666667,129.99,4.3,23.49,35.0,4.4,14.845,173.8081818
health3,health_beauty,01-01-2018,1,44.63,110.99,23.99,4.3,11.28736842,89.99,4.1,14.811,58.99,3.9,22.67833333,110.94
health3,health_beauty,01-02-2018,2,20.55,110.99,23.99,4.3,12.55,89.99,4.1,16.30764706,58.99,3.9,19.575,110.99
health3,health_beauty,01-03-2018,9,38.19222222,110.99,23.99,4.3,14.19875,83.74,4.1,11.876875,58.99,3.9,15.228,110.99
health3,health_beauty,01-04-2018,13,37.09153846,116.5284615,116.5284615,4.1,37.09153846,79.99,4.1,14.485,58.99,3.9,16.30272727,110.99
health3,health_beauty,01-05-2018,23,31.5826087,119.99,23.99,4.3,7.988571429,79.99,4.1,21.943125,58.99,3.9,9.4225,116.5284615
health3,health_beauty,01-06-2018,43,35.51837209,122.99,23.99,4.3,16.27,79.99,4.1,13.36230769,58.99,3.9,16.43,119.99
health3,health_beauty,01-07-2018,33,33.01,122.99,23.99,4.3,18.81,79.99,4.1,16.745,58.99,3.9,7.67,122.99
health3,health_beauty,01-08-2018,32,36.941875,122.99,23.99,4.3,16.77,82.82142857,4.1,12.41857143,58.99,3.9,12.08333333,122.99
perfumery1,perfumery,01-06-2017,4,18.4525,56.99,56.99,4.3,18.4525,56.99,4.3,18.4525,56.99,4.3,18.4525,56.94
perfumery1,perfumery,01-07-2017,7,11.75,56.99,56.99,4.3,11.75,56.99,4.3,11.75,56.99,4.3,11.75,56.99
perfumery1,perfumery,01-08-2017,7,13.58857143,56.99,56.99,4.3,13.58857143,142.5,4.4,15.75,56.99,4.3,13.58857143,56.99
perfumery1,perfumery,01-09-2017,17,13.74117647,56.99,56.99,4.3,13.74117647,142.5,4.4,9.19,56.99,4.3,13.74117647,56.99
perfumery1,perfumery,01-10-2017,17,12.29294118,56.99,56.99,4.3,12.29294118,142.5,4.4,17.15,56.99,4.3,12.29294118,56.99
perfumery1,perfumery,01-11-2017,20,12.714,56.99,56.99,4.3,12.714,118.05,4.4,14.29375,56.99,4.3,12.714,56.99
perfumery1,perfumery,01-12-2017,24,13.82,56.99,56.99,4.3,13.82,118.0,4.4,11.02666667,56.99,4.3,13.82,56.99
perfumery1,perfumery,01-01-2018,10,12.215,56.99,56.99,4.3,12.215,117.9,4.4,14.03833333,56.99,4.3,12.215,56.99
perfumery1,perfumery,01-02-2018,4,14.5575,56.99,56.99,4.3,14.5575,117.8888889,4.4,13.88090909,56.99,4.3,14.5575,56.99
perfumery1,perfumery,01-03-2018,14,15.19642857,50.49,50.49,4.3,15.19642857,117.7,4.4,15.175,50.49,4.3,15.19642857,56.99
perfumery1,perfumery,01-04-2018,2,13.665,49.99,49.99,4.3,13.665,117.975,4.4,21.65,49.99,4.3,13.665,50.49
perfumery1,perfumery,01-07-2018,8,12.5225,49.99,49.99,4.3,12.5225,118.7,4.4,15.978,49.99,4.3,12.5225,49.94
perfumery1,perfumery,01-08-2018,4,12.28,49.99,49.99,4.3,12.28,116.9066667,4.4,17.79058824,49.99,4.3,12.28,49.99
cool5,cool_stuff,01-04-2017,2,21.17,99.99,99.99,4.2,14.20235294,129.99,4.3,17.39642857,99.99,4.3,21.17,99.94
cool5,cool_stuff,01-05-2017,18,15.57722222,99.99,99.99,4.2,15.02090909,129.99,4.3,18.27277778,99.99,4.3,15.57722222,99.99
cool5,cool_stuff,01-06-2017,11,20.49090909,99.99,99.99,4.2,13.82642857,129.99,4.3,17.06117647,99.99,4.3,20.49090909,99.99
cool5,cool_stuff,01-07-2017,14,19.91214286,99.99,99.99,4.2,16.52909091,129.99,4.3,18.715625,99.99,4.3,19.91214286,99.99
cool5,cool_stuff,01-08-2017,8,18.22875,99.99,99.99,4.2,18.975,116.9275,4.3,19.02125,99.99,4.3,18.22875,99.99
cool5,cool_stuff,01-09-2017,6,17.78166667,99.99,99.99,4.2,15.93333333,99.99,4.3,17.78166667,29.5,4.4,11.73,99.99
cool5,cool_stuff,01-10-2017,9,18.51888889,99.99,99.99,4.2,16.95,119.99,4.3,19.997,99.99,4.3,18.51888889,99.99
cool5,cool_stuff,01-11-2017,2,17.45,99.99,99.99,4.2,16.1875,129.99,4.3,22.67444444,99.99,4.3,17.45,99.99
cool5,cool_stuff,01-12-2017,3,17.95,99.99,99.99,4.2,15.26666667,129.99,4.3,25.59,99.99,4.3,17.95,99.99
cool5,cool_stuff,01-01-2018,6,15.90166667,99.99,99.99,4.2,16.54,129.99,4.3,17.41,29.5,4.4,16.53263158,99.99
cool5,cool_stuff,01-02-2018,9,19.08111111,99.99,99.99,4.2,13.72,129.99,4.3,16.71,99.99,4.3,19.08111111,99.99
cool5,cool_stuff,01-03-2018,5,17.592,97.952,99.99,4.2,20.78,129.99,4.3,18.49,35.0,4.4,16.25615385,99.99
cool5,cool_stuff,01-04-2018,4,18.195,84.6925,89.86333333,4.2,19.87666667,129.99,4.3,23.49,35.0,4.4,14.845,97.952
health8,health_beauty,01-03-2017,6,13.02,89.99,19.99,4.3,13.81888889,89.99,4.1,13.02,64.99,3.9,17.26222222,89.94
health8,health_beauty,01-05-2017,6,16.09833333,89.99,19.99,4.3,14.8475,89.99,4.1,16.09833333,64.99,3.9,14.811875,89.94
health8,health_beauty,01-06-2017,9,14.16333333,89.99,19.99,4.3,12.68333333,89.99,4.1,14.16333333,58.79952381,3.9,13.90333333,89.99
health8,health_beauty,01-07-2017,17,12.11882353,89.99,19.99,4.3,11.13517241,89.99,4.1,12.11882353,59.25666667,3.9,17.998,89.99
health8,health_beauty,01-08-2017,18,13.41055556,89.99,23.39740741,4.3,14.27678571,89.99,4.1,13.41055556,58.99,3.9,16.24090909,89.99
health8,health_beauty,01-09-2017,21,13.96428571,89.99,23.99,4.3,16.12,89.99,4.1,13.96428571,58.99,3.9,15.6392,89.99
health8,health_beauty,01-10-2017,24,16.56291667,89.99,23.99,4.3,13.13666667,89.99,4.1,16.56291667,58.99,3.9,19.06526316,89.99
health8,health_beauty,01-11-2017,26,16.99038462,89.99,23.99,4.3,12.37535714,89.99,4.1,16.99038462,58.99,3.9,15.71166667,89.99
health8,health_beauty,01-12-2017,19,15.89473684,89.99,23.99,4.3,12.45684211,89.99,4.1,15.89473684,58.99,3.9,16.33222222,89.99
health8,health_beauty,01-01-2018,20,14.811,89.99,23.99,4.3,11.28736842,89.99,4.1,14.811,58.99,3.9,22.67833333,89.99
health8,health_beauty,01-02-2018,17,16.30764706,89.99,23.99,4.3,12.55,89.99,4.1,16.30764706,58.99,3.9,19.575,89.99
health8,health_beauty,01-03-2018,16,11.876875,83.74,23.99,4.3,14.19875,83.74,4.1,11.876875,58.99,3.9,15.228,89.99
health8,health_beauty,01-04-2018,14,14.485,79.99,79.99,4.1,14.485,79.99,4.1,14.485,58.99,3.9,16.30272727,83.74
health8,health_beauty,01-05-2018,16,21.943125,79.99,23.99,4.3,7.988571429,79.99,4.1,21.943125,58.99,3.9,9.4225,79.99
health8,health_beauty,01-06-2018,13,13.36230769,79.99,23.99,4.3,16.27,79.99,4.1,13.36230769,58.99,3.9,16.43,79.99
health8,health_beauty,01-07-2018,10,16.745,79.99,23.99,4.3,18.81,79.99,4.1,16.745,58.99,3.9,7.67,79.99
health8,health_beauty,01-08-2018,7,12.41857143,82.82142857,23.99,4.3,16.77,82.82142857,4.1,12.41857143,58.99,3.9,12.08333333,79.99
garden4,garden_tools,01-07-2017,13,15.39230769,59.9,59.9,4.1,16.62642857,59.9,4.2,16.11157895,59.9,4.1,15.39230769,59.85
garden4,garden_tools,01-08-2017,23,18.05043478,59.9,59.9,4.1,18.16230769,59.9,4.2,17.68111111,59.9,4.1,18.05043478,59.9
garden4,garden_tools,01-09-2017,13,16.29461538,59.9,59.9,4.1,17.18702703,59.9,4.2,16.81176471,59.9,4.1,16.29461538,59.9
garden4,garden_tools,01-10-2017,36,16.81416667,59.9,59.9,4.1,18.06589744,59.9,4.2,17.59548387,59.9,4.1,16.81416667,59.9
garden4,garden_tools,01-11-2017,69,18.27550725,53.78571429,52.40694444,4.1,17.06747253,53.64828125,4.2,16.07586207,53.78571429,4.1,18.27550725,59.9
garden4,garden_tools,01-12-2017,44,17.26727273,55.75,55.1,4.1,15.75960784,55.425,4.2,19.184375,55.75,4.1,17.26727273,53.78571429
garden4,garden_tools,01-01-2018,39,16.50512821,49.9,49.9,4.1,19.495,49.9,4.2,15.84103448,49.9,4.1,16.50512821,55.75
garden4,garden_tools,01-02-2018,48,18.281875,50.35714286,50.54516129,4.1,16.61153846,50.9,4.2,17.51944444,50.35714286,4.1,18.281875,49.9
garden4,garden_tools,01-03-2018,26,19.02423077,53.9,53.9,4.1,20.35967742,53.9,4.2,21.85285714,53.9,4.1,19.02423077,50.35714286
garden4,garden_tools,01-04-2018,28,19.07142857,53.9,53.9,4.1,5.28173913,53.9,4.2,19.46846154,53.9,4.1,19.07142857,53.9
garden4,garden_tools,01-05-2018,25,12.98,53.05789474,53.41515152,4.1,10.75303571,53.70952381,4.2,13.51034483,53.05789474,4.1,12.98,53.9
garden4,garden_tools,01-06-2018,15,22.87866667,49.9,49.9,4.1,19.89083333,49.9,4.2,23.25166667,49.9,4.1,22.87866667,53.05789474
garden4,garden_tools,01-07-2018,3,20.99,49.9,49.91,4.1,28.37333333,49.9,4.2,33.28142857,49.9,4.1,20.99,49.9
garden4,garden_tools,01-08-2018,6,32.32,49.9,49.91,4.1,20.32833333,49.9,4.2,36.442,49.9,4.1,32.32,49.9
computers5,computers_accessories,01-10-2017,1,14.92,167.0,154.6958824,4.2,43.88117647,167.0,3.5,14.92,167.0,3.5,14.92,166.95
computers5,computers_accessories,01-12-2017,2,13.44,119.9,149.99,4.2,38.57,119.9,3.5,13.44,109.9,3.5,25.24916667,119.85
computers5,computers_accessories,01-01-2018,57,12.23912281,93.09489362,156.5113514,4.2,36.8072093,150.3545455,4.3,22.54772727,97.6425,3.5,14.84655172,119.9
computers5,computers_accessories,01-02-2018,45,11.51311111,77.155,149.0,4.2,41.16322581,149.9,4.3,26.55289855,78.7122807,3.5,14.53591549,93.09489362
computers5,computers_accessories,01-03-2018,6,17.55333333,88.0,136.1428571,4.2,48.0475,149.9,4.3,28.47588235,81.02391304,3.5,18.22148148,77.155
computers5,computers_accessories,01-04-2018,10,10.869,88.0,120.9230769,4.2,27.25303571,149.9,4.3,30.22742857,80.66666667,3.5,18.17230769,88.0
computers5,computers_accessories,01-06-2018,3,21.82666667,89.9,114.4911538,4.2,53.62555556,149.9,4.3,27.62666667,78.9,3.5,17.328,89.85
computers5,computers_accessories,01-07-2018,3,13.41333333,78.9,119.99,4.2,48.62666667,149.9,4.3,33.57153846,77.9,3.5,14.63857143,89.9
garden10,garden_tools,01-05-2017,3,26.24666667,59.9,59.9,4.1,19.7325,59.9,4.2,26.24666667,59.9,4.2,26.24666667,59.85
garden10,garden_tools,01-06-2017,3,16.26,59.9,59.9,4.1,17.67,59.9,4.2,16.26,59.9,4.2,16.26,59.9
garden10,garden_tools,01-07-2017,19,16.11157895,59.9,59.9,4.1,16.62642857,59.9,4.2,16.11157895,59.9,4.1,15.39230769,59.9
garden10,garden_tools,01-08-2017,27,17.68111111,59.9,59.9,4.1,18.16230769,59.9,4.2,17.68111111,59.9,4.1,18.05043478,59.9
garden10,garden_tools,01-09-2017,17,16.81176471,59.9,59.9,4.1,17.18702703,59.9,4.2,16.81176471,59.9,4.1,16.29461538,59.9
garden10,garden_tools,01-10-2017,31,17.59548387,59.9,59.9,4.1,18.06589744,59.9,4.2,17.59548387,59.9,4.1,16.81416667,59.9
garden10,garden_tools,01-11-2017,87,16.07586207,53.64828125,52.40694444,4.1,17.06747253,53.64828125,4.2,16.07586207,53.78571429,4.1,18.27550725,59.9
garden10,garden_tools,01-12-2017,32,19.184375,55.425,55.1,4.1,15.75960784,55.425,4.2,19.184375,55.75,4.1,17.26727273,53.64828125
garden10,garden_tools,01-01-2018,29,15.84103448,49.9,49.9,4.1,19.495,49.9,4.2,15.84103448,49.9,4.1,16.50512821,55.425
garden10,garden_tools,01-02-2018,36,17.51944444,50.9,50.54516129,4.1,16.61153846,50.9,4.2,17.51944444,50.35714286,4.1,18.281875,49.9
garden10,garden_tools,01-03-2018,35,21.85285714,53.9,53.9,4.1,20.35967742,53.9,4.2,21.85285714,53.9,4.1,19.02423077,50.9
garden10,garden_tools,01-04-2018,13,19.46846154,53.9,53.9,4.1,5.28173913,53.9,4.2,19.46846154,53.9,4.1,19.07142857,53.9
garden10,garden_tools,01-05-2018,29,13.51034483,53.70952381,53.41515152,4.1,10.75303571,53.70952381,4.2,13.51034483,53.05789474,4.1,12.98,53.9
garden10,garden_tools,01-06-2018,6,23.25166667,49.9,49.9,4.1,19.89083333,49.9,4.2,23.25166667,49.9,4.1,22.87866667,53.70952381
garden10,garden_tools,01-07-2018,14,33.28142857,49.9,49.91,4.1,28.37333333,49.9,4.2,33.28142857,49.9,4.1,20.99,49.9
garden10,garden_tools,01-08-2018,10,36.442,49.9,49.91,4.1,20.32833333,49.9,4.2,36.442,49.9,4.1,32.32,49.9
computers6,computers_accessories,01-01-2018,22,22.54772727,150.3545455,156.5113514,4.2,36.8072093,150.3545455,4.3,22.54772727,97.6425,3.5,14.84655172,150.3045455
computers6,computers_accessories,01-02-2018,69,26.55289855,149.9,149.0,4.2,41.16322581,149.9,4.3,26.55289855,78.7122807,3.5,14.53591549,150.3545455
computers6,computers_accessories,01-03-2018,51,28.47588235,149.9,136.1428571,4.2,48.0475,149.9,4.3,28.47588235,81.02391304,3.5,18.22148148,149.9
computers6,computers_accessories,01-04-2018,35,30.22742857,149.9,120.9230769,4.2,27.25303571,149.9,4.3,30.22742857,80.66666667,3.5,18.17230769,149.9
computers6,computers_accessories,01-05-2018,52,18.94307692,149.9,119.0,4.2,39.2172,149.9,4.3,18.94307692,79.8,3.5,14.41454545,149.9
computers6,computers_accessories,01-06-2018,27,27.62666667,149.9,114.4911538,4.2,53.62555556,149.9,4.3,27.62666667,78.9,3.5,17.328,149.9
computers6,computers_accessories,01-07-2018,13,33.57153846,149.9,119.99,4.2,48.62666667,149.9,4.3,33.57153846,77.9,3.5,14.63857143,149.9
computers6,computers_accessories,01-08-2018,5,24.76,149.9,119.99,4.2,39.046,149.9,4.3,24.76,77.9,3.5,13.415,149.9
health6,health_beauty,01-01-2018,3,24.05,61.99,23.99,4.3,11.28736842,89.99,4.1,14.811,58.99,3.9,22.67833333,61.94
health6,health_beauty,01-03-2018,13,28.61461538,61.99,23.99,4.3,14.19875,83.74,4.1,11.876875,58.99,3.9,15.228,61.94
health6,health_beauty,01-04-2018,15,25.346,64.99,64.99,3.9,25.346,79.99,4.1,14.485,58.99,3.9,16.30272727,61.99
health6,health_beauty,01-05-2018,38,24.77447368,64.99,23.99,4.3,7.988571429,79.99,4.1,21.943125,58.99,3.9,9.4225,64.99
health6,health_beauty,01-06-2018,26,30.24153846,66.99,23.99,4.3,16.27,79.99,4.1,13.36230769,58.99,3.9,16.43,64.99
health6,health_beauty,01-07-2018,27,25.90074074,66.99,23.99,4.3,18.81,79.99,4.1,16.745,58.99,3.9,7.67,66.99
health6,health_beauty,01-08-2018,28,23.52821429,66.99,23.99,4.3,16.77,82.82142857,4.1,12.41857143,58.99,3.9,12.08333333,66.99
garden6,garden_tools,01-05-2017,4,19.7325,59.9,59.9,4.1,19.7325,59.9,4.2,26.24666667,59.9,4.1,19.7325,59.85
garden6,garden_tools,01-06-2017,1,17.67,59.9,59.9,4.1,17.67,59.9,4.2,16.26,59.9,4.1,17.67,59.9
garden6,garden_tools,01-07-2017,14,16.62642857,59.9,59.9,4.1,16.62642857,59.9,4.2,16.11157895,59.9,4.1,15.39230769,59.9
garden6,garden_tools,01-08-2017,39,18.16230769,59.9,59.9,4.1,18.16230769,59.9,4.2,17.68111111,59.9,4.1,18.05043478,59.9
garden6,garden_tools,01-09-2017,37,17.18702703,59.9,59.9,4.1,17.18702703,59.9,4.2,16.81176471,59.9,4.1,16.29461538,59.9
garden6,garden_tools,01-10-2017,39,18.06589744,59.9,59.9,4.1,18.06589744,59.9,4.2,17.59548387,59.9,4.1,16.81416667,59.9
garden6,garden_tools,01-11-2017,91,17.06747253,52.40694444,52.40694444,4.1,17.06747253,53.64828125,4.2,16.07586207,53.78571429,4.1,18.27550725,59.9
garden6,garden_tools,01-12-2017,51,15.75960784,55.1,55.1,4.1,15.75960784,55.425,4.2,19.184375,55.75,4.1,17.26727273,52.40694444
garden6,garden_tools,01-01-2018,12,19.495,49.9,49.9,4.1,19.495,49.9,4.2,15.84103448,49.9,4.1,16.50512821,55.1
garden6,garden_tools,01-02-2018,39,16.61153846,50.54516129,50.54516129,4.1,16.61153846,50.9,4.2,17.51944444,50.35714286,4.1,18.281875,49.9
garden6,garden_tools,01-03-2018,31,20.35967742,53.9,53.9,4.1,20.35967742,53.9,4.2,21.85285714,53.9,4.1,19.02423077,50.54516129
garden6,garden_tools,01-04-2018,46,5.28173913,53.9,53.9,4.1,5.28173913,53.9,4.2,19.46846154,53.9,4.1,19.07142857,53.9
garden6,garden_tools,01-05-2018,56,10.75303571,53.41515152,53.41515152,4.1,10.75303571,53.70952381,4.2,13.51034483,53.05789474,4.1,12.98,53.9
garden6,garden_tools,01-06-2018,12,19.89083333,49.9,49.9,4.1,19.89083333,49.9,4.2,23.25166667,49.9,4.1,22.87866667,53.41515152
garden6,garden_tools,01-07-2018,6,28.37333333,49.91,49.91,4.1,28.37333333,49.9,4.2,33.28142857,49.9,4.1,20.99,49.9
garden6,garden_tools,01-08-2018,6,20.32833333,49.91,49.91,4.1,20.32833333,49.9,4.2,36.442,49.9,4.1,32.32,49.91
health10,health_beauty,01-02-2018,21,10.20047619,47.35789474,23.99,4.3,12.55,89.99,4.1,16.30764706,58.99,3.9,19.575,47.30789474
health10,health_beauty,01-03-2018,58,12.56344828,48.45944444,23.99,4.3,14.19875,83.74,4.1,11.876875,58.99,3.9,15.228,47.35789474
health10,health_beauty,01-04-2018,18,13.16055556,53.70176471,53.70176471,4.2,13.16055556,79.99,4.1,14.485,58.99,3.9,16.30272727,48.45944444
health10,health_beauty,01-05-2018,33,10.63121212,52.06928571,23.99,4.3,7.988571429,79.99,4.1,21.943125,58.99,3.9,9.4225,53.70176471
health10,health_beauty,01-06-2018,9,12.91,49.98,23.99,4.3,16.27,79.99,4.1,13.36230769,58.99,3.9,16.43,52.06928571
health10,health_beauty,01-07-2018,5,14.368,51.512,23.99,4.3,18.81,79.99,4.1,16.745,58.99,3.9,7.67,49.98
health10,health_beauty,01-08-2018,11,9.312727273,50.71,23.99,4.3,16.77,82.82142857,4.1,12.41857143,58.99,3.9,12.08333333,51.512
watches2,watches_gifts,01-06-2017,5,13.91,157.99,163.0,4.2,14.265,157.99,4.0,13.91,185.0,3.8,14.74,157.94
watches2,watches_gifts,01-07-2017,6,14.95,171.792,161.5909091,4.2,15.52545455,171.792,4.0,14.95,197.383,3.8,16.606,157.99
watches2,watches_gifts,01-08-2017,5,17.084,169.9,160.6692308,4.2,15.18538462,169.9,4.0,17.084,179.9,3.8,14.92666667,171.792
watches2,watches_gifts,01-09-2017,10,17.856,160.4,148.7785714,4.2,14.04111111,160.4,4.0,17.856,164.57,3.8,19.528,169.9
watches2,watches_gifts,01-10-2017,16,18.505625,149.475,134.9,4.2,6.81,149.475,4.0,18.505625,232.49,3.8,14.2125,160.4
watches2,watches_gifts,01-11-2017,26,19.17230769,140.56,133.0,4.2,19.91666667,108.0,4.2,15.90846154,174.4333333,3.8,20.99277778,149.475
watches2,watches_gifts,01-12-2017,6,17.00333333,149.0,149.0,4.2,19.1,108.0,4.2,16.65384615,185.96,3.8,18.686,140.56
watches2,watches_gifts,01-01-2018,8,14.165,148.5,148.5,4.0,14.165,108.0,4.2,16.19636364,199.0,3.8,21.88,149.0
watches2,watches_gifts,01-02-2018,14,15.12928571,145.9942857,128.2416667,4.2,15.92666667,108.0,4.2,18.25363636,182.0,3.8,19.33,148.5
watches2,watches_gifts,01-03-2018,9,26.27222222,123.9666667,117.4412903,4.2,18.26129032,105.6428571,4.2,21.6652381,151.8784375,3.8,20.31375,145.9942857
watches2,watches_gifts,01-04-2018,10,21.229,119.19,105.648625,4.2,2.181647059,105.0,4.2,13.63142857,150.1333333,3.8,19.44777778,123.9666667
watches2,watches_gifts,01-05-2018,22,14.71227273,118.1318182,103.7925234,4.2,0.095438596,105.0,4.2,11.3772973,132.53125,3.8,15.7621875,119.19
watches2,watches_gifts,01-06-2018,1,18.86,139.9,119.0,4.2,19.20666667,105.0,4.2,23.82357143,138.22,3.8,16.108,118.1318182
watches2,watches_gifts,01-07-2018,5,23.162,138.98,118.3636364,4.2,15.48,105.0,4.2,24.93875,155.0,3.8,16.47,139.9
watches2,watches_gifts,01-08-2018,3,23.52666667,138.0,112.0,4.2,13.44,105.0,4.2,23.38571429,145.5509091,3.8,21.89727273,138.98
health1,health_beauty,01-08-2017,3,15.57,84.99,23.39740741,4.3,14.27678571,89.99,4.1,13.41055556,58.99,3.9,16.24090909,84.94
health1,health_beauty,01-09-2017,4,15.6,84.99,23.99,4.3,16.12,89.99,4.1,13.96428571,58.99,3.9,15.6392,84.99
health1,health_beauty,01-10-2017,3,19.61,84.99,23.99,4.3,13.13666667,89.99,4.1,16.56291667,58.99,3.9,19.06526316,84.99
health1,health_beauty,01-11-2017,36,17.40833333,84.99,23.99,4.3,12.37535714,89.99,4.1,16.99038462,58.99,3.9,15.71166667,84.99
health1,health_beauty,01-12-2017,50,16.2446,84.99,23.99,4.3,12.45684211,89.99,4.1,15.89473684,58.99,3.9,16.33222222,84.99
health1,health_beauty,01-01-2018,13,15.99615385,84.99,23.99,4.3,11.28736842,89.99,4.1,14.811,58.99,3.9,22.67833333,84.99
health1,health_beauty,01-02-2018,7,15.86714286,84.99,23.99,4.3,12.55,89.99,4.1,16.30764706,58.99,3.9,19.575,84.99
health1,health_beauty,01-03-2018,4,16.375,84.99,23.99,4.3,14.19875,83.74,4.1,11.876875,58.99,3.9,15.228,84.99
health1,health_beauty,01-06-2018,2,22.08,84.99,23.99,4.3,16.27,79.99,4.1,13.36230769,58.99,3.9,16.43,84.94
garden8,garden_tools,01-02-2017,1,33.54,179.99,179.99,4.2,33.54,179.99,4.2,33.54,179.99,4.2,33.54,179.94
garden8,garden_tools,01-04-2017,3,36.64333333,179.99,179.99,4.2,36.64333333,179.99,4.2,36.64333333,179.99,4.2,36.64333333,179.94
garden8,garden_tools,01-09-2017,2,26.88,179.99,59.9,4.1,17.18702703,59.9,4.2,16.81176471,59.9,4.1,16.29461538,179.94
garden8,garden_tools,01-10-2017,6,36.75666667,179.99,59.9,4.1,18.06589744,59.9,4.2,17.59548387,59.9,4.1,16.81416667,179.99
garden8,garden_tools,01-11-2017,13,43.14153846,179.99,52.40694444,4.1,17.06747253,53.64828125,4.2,16.07586207,53.78571429,4.1,18.27550725,179.99
garden8,garden_tools,01-12-2017,15,47.594,183.99,55.1,4.1,15.75960784,55.425,4.2,19.184375,55.75,4.1,17.26727273,179.99
garden8,garden_tools,01-01-2018,14,38.53785714,187.8542857,49.9,4.1,19.495,49.9,4.2,15.84103448,49.9,4.1,16.50512821,183.99
garden8,garden_tools,01-02-2018,12,47.82583333,179.0,50.54516129,4.1,16.61153846,50.9,4.2,17.51944444,50.35714286,4.1,18.281875,187.8542857
garden8,garden_tools,01-03-2018,13,57.29846154,175.1538462,53.9,4.1,20.35967742,53.9,4.2,21.85285714,53.9,4.1,19.02423077,179.0
garden8,garden_tools,01-04-2018,11,28.63272727,179.0,53.9,4.1,5.28173913,53.9,4.2,19.46846154,53.9,4.1,19.07142857,175.1538462
garden8,garden_tools,01-05-2018,3,24.37,179.0,53.41515152,4.1,10.75303571,53.70952381,4.2,13.51034483,53.05789474,4.1,12.98,179.0
garden8,garden_tools,01-06-2018,10,54.763,159.0,49.9,4.1,19.89083333,49.9,4.2,23.25166667,49.9,4.1,22.87866667,179.0
garden8,garden_tools,01-07-2018,8,48.62875,139.0,49.91,4.1,28.37333333,49.9,4.2,33.28142857,49.9,4.1,20.99,159.0
garden8,garden_tools,01-08-2018,7,73.59,139.0,49.91,4.1,20.32833333,49.9,4.2,36.442,49.9,4.1,32.32,139.0
garden9,garden_tools,01-04-2017,3,18.39333333,59.9,59.9,4.0,18.39333333,59.9,4.0,18.39333333,59.9,4.0,18.39333333,59.85
garden9,garden_tools,01-05-2017,7,15.79428571,59.9,59.9,4.1,19.7325,59.9,4.2,26.24666667,59.9,4.0,15.79428571,59.9
garden9,garden_tools,01-06-2017,4,16.6125,59.9,59.9,4.1,17.67,59.9,4.2,16.26,59.9,4.0,16.6125,59.9
garden9,garden_tools,01-07-2017,19,16.03052632,59.9,59.9,4.1,16.62642857,59.9,4.2,16.11157895,59.9,4.1,15.39230769,59.9
garden9,garden_tools,01-08-2017,21,18.83142857,59.9,59.9,4.1,18.16230769,59.9,4.2,17.68111111,59.9,4.1,18.05043478,59.9
garden9,garden_tools,01-09-2017,23,18.64347826,59.9,59.9,4.1,17.18702703,59.9,4.2,16.81176471,59.9,4.1,16.29461538,59.9
garden9,garden_tools,01-10-2017,19,17.73052632,59.9,59.9,4.1,18.06589744,59.9,4.2,17.59548387,59.9,4.1,16.81416667,59.9
garden9,garden_tools,01-11-2017,82,17.80780488,53.37910448,52.40694444,4.1,17.06747253,53.64828125,4.2,16.07586207,53.78571429,4.1,18.27550725,59.9
garden9,garden_tools,01-12-2017,40,17.5175,55.77096774,55.1,4.1,15.75960784,55.425,4.2,19.184375,55.75,4.1,17.26727273,53.37910448
garden9,garden_tools,01-01-2018,25,17.7532,49.9,49.9,4.1,19.495,49.9,4.2,15.84103448,49.9,4.1,16.50512821,55.77096774
garden9,garden_tools,01-02-2018,44,16.28340909,51.025,50.54516129,4.1,16.61153846,50.9,4.2,17.51944444,50.35714286,4.1,18.281875,49.9
garden9,garden_tools,01-03-2018,25,19.2648,53.9,53.9,4.1,20.35967742,53.9,4.2,21.85285714,53.9,4.1,19.02423077,51.025
garden9,garden_tools,01-04-2018,20,20.563,53.9,53.9,4.1,5.28173913,53.9,4.2,19.46846154,53.9,4.1,19.07142857,53.9
garden9,garden_tools,01-05-2018,17,14.38823529,52.56666667,53.41515152,4.1,10.75303571,53.70952381,4.2,13.51034483,53.05789474,4.1,12.98,53.9
garden9,garden_tools,01-06-2018,8,29.78625,49.9,49.9,4.1,19.89083333,49.9,4.2,23.25166667,49.9,4.1,22.87866667,52.56666667
garden9,garden_tools,01-07-2018,9,27.77,49.9,49.91,4.1,28.37333333,49.9,4.2,33.28142857,49.9,4.1,20.99,49.9
garden9,garden_tools,01-08-2018,7,33.74,49.9,49.91,4.1,20.32833333,49.9,4.2,36.442,49.9,4.1,32.32,49.9
watches6,watches_gifts,01-06-2017,4,14.265,163.0,163.0,4.2,14.265,163.0,4.2,14.265,185.0,3.8,14.74,162.95
watches6,watches_gifts,01-07-2017,11,15.52545455,161.5909091,161.5909091,4.2,15.52545455,161.5909091,4.2,15.52545455,197.383,3.8,16.606,163.0
watches6,watches_gifts,01-08-2017,13,15.18538462,160.6692308,160.6692308,4.2,15.18538462,160.6692308,4.2,15.18538462,179.9,3.8,14.92666667,161.5909091
watches6,watches_gifts,01-09-2017,18,14.04111111,148.7785714,148.7785714,4.2,14.04111111,148.7785714,4.2,14.04111111,164.57,3.8,19.528,160.6692308
watches6,watches_gifts,01-10-2017,1,6.81,134.9,134.9,4.2,6.81,134.9,4.2,6.81,232.49,3.8,14.2125,148.7785714
watches6,watches_gifts,01-11-2017,15,19.91666667,133.0,133.0,4.2,19.91666667,108.0,4.2,15.90846154,174.4333333,3.8,20.99277778,134.9
watches6,watches_gifts,01-12-2017,4,19.1,149.0,149.0,4.2,19.1,108.0,4.2,16.65384615,185.96,3.8,18.686,133.0
watches6,watches_gifts,01-02-2018,6,15.92666667,128.2416667,128.2416667,4.2,15.92666667,108.0,4.2,18.25363636,182.0,3.8,19.33,128.1916667
watches6,watches_gifts,01-03-2018,31,18.26129032,117.4412903,117.4412903,4.2,18.26129032,105.6428571,4.2,21.6652381,151.8784375,3.8,20.31375,128.2416667
watches6,watches_gifts,01-04-2018,85,2.181647059,105.648625,105.648625,4.2,2.181647059,105.0,4.2,13.63142857,150.1333333,3.8,19.44777778,117.4412903
watches6,watches_gifts,01-05-2018,114,0.095438596,103.7925234,103.7925234,4.2,0.095438596,105.0,4.2,11.3772973,132.53125,3.8,15.7621875,105.648625
watches6,watches_gifts,01-06-2018,9,19.20666667,119.0,119.0,4.2,19.20666667,105.0,4.2,23.82357143,138.22,3.8,16.108,103.7925234
watches6,watches_gifts,01-07-2018,11,15.48,118.3636364,118.3636364,4.2,15.48,105.0,4.2,24.93875,155.0,3.8,16.47,119.0
watches6,watches_gifts,01-08-2018,1,13.44,112.0,112.0,4.2,13.44,105.0,4.2,23.38571429,145.5509091,3.8,21.89727273,118.3636364
cool3,cool_stuff,01-09-2017,1,11.73,29.5,99.99,4.2,15.93333333,29.5,4.4,11.73,29.5,4.4,11.73,29.45
cool3,cool_stuff,01-01-2018,76,16.53263158,29.5,99.99,4.2,16.54,129.99,4.3,17.41,29.5,4.4,16.53263158,29.45
cool3,cool_stuff,01-03-2018,26,16.25615385,35.0,99.99,4.2,20.78,129.99,4.3,18.49,35.0,4.4,16.25615385,34.95
cool3,cool_stuff,01-04-2018,4,14.845,35.0,89.86333333,4.2,19.87666667,129.99,4.3,23.49,35.0,4.4,14.845,35.0
cool3,cool_stuff,01-05-2018,4,13.6375,35.0,35.0,4.4,13.6375,35.0,4.4,13.6375,35.0,4.4,13.6375,35.0
cool3,cool_stuff,01-06-2018,2,15.01,65.0,65.0,4.4,15.01,65.0,4.4,15.01,65.0,4.4,15.01,35.0
cool3,cool_stuff,01-08-2018,1,57.23,65.0,65.0,4.4,57.23,65.0,4.4,57.23,65.0,4.4,57.23,64.95
perfumery2,perfumery,01-08-2017,1,15.75,142.5,56.99,4.3,13.58857143,142.5,4.4,15.75,142.5,4.4,15.75,142.45
perfumery2,perfumery,01-09-2017,1,9.19,142.5,56.99,4.3,13.74117647,142.5,4.4,9.19,142.5,4.4,9.19,142.5
perfumery2,perfumery,01-10-2017,2,17.15,142.5,56.99,4.3,12.29294118,142.5,4.4,17.15,142.5,4.4,17.15,142.5
perfumery2,perfumery,01-11-2017,8,14.29375,118.05,56.99,4.3,12.714,118.05,4.4,14.29375,118.05,4.4,14.29375,142.5
perfumery2,perfumery,01-12-2017,12,11.02666667,118.0,56.99,4.3,13.82,118.0,4.4,11.02666667,118.0,4.4,11.02666667,118.05
perfumery2,perfumery,01-01-2018,6,14.03833333,117.9,56.99,4.3,12.215,117.9,4.4,14.03833333,117.9,4.4,14.03833333,118.0
perfumery2,perfumery,01-02-2018,11,13.88090909,117.8888889,56.99,4.3,14.5575,117.8888889,4.4,13.88090909,117.8888889,4.4,13.88090909,117.9
perfumery2,perfumery,01-03-2018,4,15.175,117.7,50.49,4.3,15.19642857,117.7,4.4,15.175,117.7,4.4,15.175,117.8888889
perfumery2,perfumery,01-04-2018,8,21.65,117.975,49.99,4.3,13.665,117.975,4.4,21.65,117.975,4.4,21.65,117.7
perfumery2,perfumery,01-05-2018,17,15.85235294,119.9,119.9,4.4,15.85235294,119.9,4.4,15.85235294,119.9,4.4,15.85235294,117.975
perfumery2,perfumery,01-06-2018,14,14.17285714,119.1785714,119.1785714,4.4,14.17285714,119.1785714,4.4,14.17285714,119.1785714,4.4,14.17285714,119.9
perfumery2,perfumery,01-07-2018,5,15.978,118.7,49.99,4.3,12.5225,118.7,4.4,15.978,118.7,4.4,15.978,119.1785714
perfumery2,perfumery,01-08-2018,17,17.79058824,116.9066667,49.99,4.3,12.28,116.9066667,4.4,17.79058824,116.9066667,4.4,17.79058824,118.7
cool2,cool_stuff,01-03-2017,8,18.77875,129.99,99.99,4.2,16.64428571,129.99,4.3,18.77875,129.99,4.3,18.77875,129.94
cool2,cool_stuff,01-04-2017,14,17.39642857,129.99,99.99,4.2,14.20235294,129.99,4.3,17.39642857,129.99,4.3,17.39642857,129.99
cool2,cool_stuff,01-05-2017,18,18.27277778,129.99,99.99,4.2,15.02090909,129.99,4.3,18.27277778,129.99,4.3,18.27277778,129.99
cool2,cool_stuff,01-06-2017,17,17.06117647,129.99,99.99,4.2,13.82642857,129.99,4.3,17.06117647,129.99,4.3,17.06117647,129.99
cool2,cool_stuff,01-07-2017,16,18.715625,129.99,99.99,4.2,16.52909091,129.99,4.3,18.715625,129.99,4.3,18.715625,129.99
cool2,cool_stuff,01-08-2017,16,19.02125,116.9275,99.99,4.2,18.975,116.9275,4.3,19.02125,116.9275,4.3,19.02125,129.99
cool2,cool_stuff,01-10-2017,10,19.997,119.99,99.99,4.2,16.95,119.99,4.3,19.997,119.99,4.3,19.997,119.94
cool2,cool_stuff,01-11-2017,9,22.67444444,129.99,99.99,4.2,16.1875,129.99,4.3,22.67444444,129.99,4.3,22.67444444,119.99
cool2,cool_stuff,01-12-2017,3,25.59,129.99,99.99,4.2,15.26666667,129.99,4.3,25.59,129.99,4.3,25.59,129.99
cool2,cool_stuff,01-01-2018,4,17.41,129.99,99.99,4.2,16.54,129.99,4.3,17.41,29.5,4.4,16.53263158,129.99
cool2,cool_stuff,01-02-2018,2,16.71,129.99,99.99,4.2,13.72,129.99,4.3,16.71,129.99,4.3,16.71,129.99
cool2,cool_stuff,01-03-2018,1,18.49,129.99,99.99,4.2,20.78,129.99,4.3,18.49,35.0,4.4,16.25615385,129.99
cool2,cool_stuff,01-04-2018,1,23.49,129.99,89.86333333,4.2,19.87666667,129.99,4.3,23.49,35.0,4.4,14.845,129.99
computers1,computers_accessories,01-05-2017,4,15.84,94.9,94.9,4.0,15.84,94.9,4.0,15.84,94.9,4.0,15.84,94.85
computers1,computers_accessories,01-06-2017,6,17.785,100.9,159.99,4.2,42.03333333,100.9,4.0,17.785,100.9,4.0,17.785,94.9
computers1,computers_accessories,01-07-2017,10,12.015,109.9,139.99,4.2,48.10833333,109.9,4.0,12.015,109.9,4.0,12.015,100.9
computers1,computers_accessories,01-08-2017,2,10.39,109.9,145.7042857,4.2,36.46,109.9,4.0,10.39,109.9,4.0,10.39,109.9
computers1,computers_accessories,01-09-2017,4,14.975,98.9,151.99,4.2,43.72272727,98.9,4.0,14.975,98.9,4.0,14.975,109.9
computers1,computers_accessories,01-10-2017,4,17.1225,98.9,154.6958824,4.2,43.88117647,98.9,4.0,17.1225,98.9,4.0,17.1225,98.9
computers1,computers_accessories,01-11-2017,6,16.14,98.9,149.99,4.2,42.51722222,98.9,4.0,16.14,109.9,3.5,15.52,98.9
computers1,computers_accessories,01-12-2017,1,13.71,98.9,149.99,4.2,38.57,98.9,4.0,13.71,109.9,3.5,25.24916667,98.9
computers1,computers_accessories,01-01-2018,31,14.08322581,90.534,156.5113514,4.2,36.8072093,150.3545455,4.3,22.54772727,97.6425,3.5,14.84655172,98.9
computers1,computers_accessories,01-02-2018,30,14.096,84.75608696,149.0,4.2,41.16322581,149.9,4.3,26.55289855,78.7122807,3.5,14.53591549,90.534
computers1,computers_accessories,01-03-2018,13,11.67230769,87.5,136.1428571,4.2,48.0475,149.9,4.3,28.47588235,81.02391304,3.5,18.22148148,84.75608696
computers1,computers_accessories,01-04-2018,5,15.48,94.0,120.9230769,4.2,27.25303571,149.9,4.3,30.22742857,80.66666667,3.5,18.17230769,87.5
computers1,computers_accessories,01-06-2018,4,17.1875,73.0,114.4911538,4.2,53.62555556,149.9,4.3,27.62666667,78.9,3.5,17.328,72.95
computers1,computers_accessories,01-07-2018,18,21.16444444,66.34214286,119.99,4.2,48.62666667,149.9,4.3,33.57153846,77.9,3.5,14.63857143,73.0
computers1,computers_accessories,01-08-2018,1,13.9,79.9,119.99,4.2,39.046,149.9,4.3,24.76,77.9,3.5,13.415,66.34214286
consoles2,consoles_games,01-07-2017,1,11.85,19.9,19.9,4.2,13.47307692,19.9,3.9,11.85,19.9,3.9,11.85,19.85
consoles2,consoles_games,01-08-2017,11,15.83272727,19.9,19.9,4.2,16.16375,19.9,3.9,15.83272727,19.9,3.9,15.83272727,19.9
consoles2,consoles_games,01-09-2017,9,15.41111111,19.9,19.9,4.2,16.13333333,19.9,3.9,15.41111111,19.9,3.9,15.41111111,19.9
consoles2,consoles_games,01-10-2017,12,12.80333333,20.66666667,21.54285714,4.2,13.53428571,20.66666667,3.9,12.80333333,20.66666667,3.9,12.80333333,19.9
consoles2,consoles_games,01-11-2017,23,13.65217391,24.5,24.5,4.2,13.64535714,24.5,3.9,13.65217391,24.5,3.9,13.65217391,20.66666667
consoles2,consoles_games,01-12-2017,17,13.52470588,24.5,24.5,4.2,12.87375,24.5,3.9,13.52470588,24.5,3.9,13.52470588,24.5
consoles2,consoles_games,01-01-2018,10,13.319,27.03333333,27.03333333,3.9,13.319,27.03333333,3.9,13.319,27.03333333,3.9,13.319,24.5
consoles2,consoles_games,01-02-2018,1,11.85,32.5,32.5,4.2,15.256,32.5,3.9,11.85,32.5,3.9,11.85,27.03333333
consoles2,consoles_games,01-03-2018,7,14.02714286,32.74285714,32.5,4.2,18.05666667,32.74285714,3.9,14.02714286,32.74285714,3.9,14.02714286,32.5
consoles2,consoles_games,01-04-2018,6,15.015,34.2,35.05714286,4.2,12.98571429,34.2,3.9,15.015,34.2,3.9,15.015,32.74285714
health5,health_beauty,01-01-2017,8,22.90125,349.9,349.9,4.3,22.90125,349.9,4.3,22.90125,64.99,3.9,11.06,349.85
health5,health_beauty,01-02-2017,4,26.9275,349.9,19.99,4.3,11.75090909,349.9,4.3,26.9275,64.99,3.9,15.348,349.9
health5,health_beauty,01-03-2017,2,21.275,349.9,19.99,4.3,13.81888889,89.99,4.1,13.02,64.99,3.9,17.26222222,349.9
health5,health_beauty,01-04-2017,1,19.29,349.9,19.99,4.3,18.03846154,349.9,4.3,19.29,64.99,3.9,15.16888889,349.9
health5,health_beauty,01-05-2017,4,26.73,349.9,19.99,4.3,14.8475,89.99,4.1,16.09833333,64.99,3.9,14.811875,349.9
health5,health_beauty,01-06-2017,2,24.505,349.9,19.99,4.3,12.68333333,89.99,4.1,14.16333333,58.79952381,3.9,13.90333333,349.9
health5,health_beauty,01-07-2017,1,29.3,349.9,19.99,4.3,11.13517241,89.99,4.1,12.11882353,59.25666667,3.9,17.998,349.9
health5,health_beauty,01-08-2017,7,29.94714286,349.9,23.39740741,4.3,14.27678571,89.99,4.1,13.41055556,58.99,3.9,16.24090909,349.9
health5,health_beauty,01-09-2017,7,26.58285714,349.9,23.99,4.3,16.12,89.99,4.1,13.96428571,58.99,3.9,15.6392,349.9
health5,health_beauty,01-10-2017,10,22.84,349.9,23.99,4.3,13.13666667,89.99,4.1,16.56291667,58.99,3.9,19.06526316,349.9
health5,health_beauty,01-11-2017,11,20.47818182,322.1363636,23.99,4.3,12.37535714,89.99,4.1,16.99038462,58.99,3.9,15.71166667,349.9
health5,health_beauty,01-12-2017,7,29.09285714,349.9,23.99,4.3,12.45684211,89.99,4.1,15.89473684,58.99,3.9,16.33222222,322.1363636
health5,health_beauty,01-01-2018,12,28.41416667,349.9,23.99,4.3,11.28736842,89.99,4.1,14.811,58.99,3.9,22.67833333,349.9
health5,health_beauty,01-02-2018,15,23.20533333,349.9,23.99,4.3,12.55,89.99,4.1,16.30764706,58.99,3.9,19.575,349.9
health5,health_beauty,01-03-2018,17,29.6,349.9,23.99,4.3,14.19875,83.74,4.1,11.876875,58.99,3.9,15.228,349.9
health5,health_beauty,01-04-2018,7,25.64142857,349.9,349.9,4.3,25.64142857,79.99,4.1,14.485,58.99,3.9,16.30272727,349.9
health5,health_beauty,01-05-2018,10,38.57,352.25,23.99,4.3,7.988571429,79.99,4.1,21.943125,58.99,3.9,9.4225,349.9
health5,health_beauty,01-06-2018,11,32.69727273,364.0,23.99,4.3,16.27,79.99,4.1,13.36230769,58.99,3.9,16.43,352.25
health5,health_beauty,01-07-2018,11,36.24636364,364.0,23.99,4.3,18.81,79.99,4.1,16.745,58.99,3.9,7.67,364.0
health5,health_beauty,01-08-2018,9,28.55111111,364.0,23.99,4.3,16.77,82.82142857,4.1,12.41857143,58.99,3.9,12.08333333,364.0
watches8,watches_gifts,01-07-2017,2,14.805,239.9,161.5909091,4.2,15.52545455,239.9,4.1,14.805,197.383,3.8,16.606,239.85
watches8,watches_gifts,01-10-2017,2,11.22,239.9,134.9,4.2,6.81,239.9,4.1,11.22,232.49,3.8,14.2125,239.85
watches8,watches_gifts,01-01-2018,2,16.36,229.9,229.9,4.1,16.36,108.0,4.2,16.19636364,199.0,3.8,21.88,229.85
watches8,watches_gifts,01-02-2018,11,17.02545455,204.6181818,128.2416667,4.2,15.92666667,108.0,4.2,18.25363636,182.0,3.8,19.33,229.9
watches8,watches_gifts,01-03-2018,16,17.154375,167.5,117.4412903,4.2,18.26129032,105.6428571,4.2,21.6652381,151.8784375,3.8,20.31375,204.6181818
watches8,watches_gifts,01-04-2018,26,17.50192308,150.3423077,105.648625,4.2,2.181647059,105.0,4.2,13.63142857,150.1333333,3.8,19.44777778,167.5
watches8,watches_gifts,01-05-2018,30,16.259,145.1666667,103.7925234,4.2,0.095438596,105.0,4.2,11.3772973,132.53125,3.8,15.7621875,150.3423077
watches8,watches_gifts,01-06-2018,3,19.17,152.6333333,119.0,4.2,19.20666667,105.0,4.2,23.82357143,138.22,3.8,16.108,145.1666667
watches8,watches_gifts,01-07-2018,14,16.65714286,157.1428571,118.3636364,4.2,15.48,105.0,4.2,24.93875,155.0,3.8,16.47,152.6333333
watches8,watches_gifts,01-08-2018,11,14.59272727,157.9454545,112.0,4.2,13.44,105.0,4.2,23.38571429,145.5509091,3.8,21.89727273,157.1428571
furniture4,furniture_decor,01-11-2017,1,21.19,99.9,75.0,4.1,16.13272727,36.85428571,3.7,13.65214286,99.9,4.4,21.19,99.85
furniture4,furniture_decor,01-12-2017,3,20.64666667,99.9,75.0,4.1,17.44638298,99.9,4.4,20.64666667,99.9,4.4,20.64666667,99.9
furniture4,furniture_decor,01-01-2018,13,22.81923077,99.9,69.9953271,4.1,17.66311475,38.4,3.7,9.34,99.9,4.4,22.81923077,99.9
furniture4,furniture_decor,01-02-2018,13,28.89076923,99.9,69.9,4.1,16.11590909,38.4,3.7,18.68555556,99.9,4.4,28.89076923,99.9
furniture4,furniture_decor,01-03-2018,12,22.14583333,99.9,69.9,4.1,18.42507692,35.48571429,3.7,15.44823529,99.9,4.4,22.14583333,99.9
furniture4,furniture_decor,01-04-2018,13,23.32769231,99.9,69.9,4.1,9.071566265,35.0,3.7,13.46941176,99.9,4.4,23.32769231,99.9
furniture4,furniture_decor,01-05-2018,13,19.41076923,99.9,69.9,4.1,3.801630435,35.0,3.7,14.63454545,99.9,4.4,19.41076923,99.9
furniture4,furniture_decor,01-06-2018,10,25.636,99.9,89.9,4.1,21.93,35.0,3.7,18.10153846,99.9,4.4,25.636,99.9
furniture4,furniture_decor,01-07-2018,14,23.84714286,78.53571429,89.9,4.1,29.79,35.0,3.7,17.238,78.53571429,4.4,23.84714286,99.9
furniture4,furniture_decor,01-08-2018,9,23.77666667,83.83333333,103.2333333,4.1,22.3,35.0,3.7,15.628125,83.83333333,4.4,23.77666667,78.53571429
watches5,watches_gifts,01-08-2017,8,15.14125,229.9,160.6692308,4.2,15.18538462,229.9,4.1,15.14125,179.9,3.8,14.92666667,229.85
watches5,watches_gifts,01-09-2017,10,15.345,219.06,148.7785714,4.2,14.04111111,219.06,4.1,15.345,164.57,3.8,19.528,229.9
watches5,watches_gifts,01-10-2017,8,19.1,216.15,134.9,4.2,6.81,216.15,4.1,19.1,232.49,3.8,14.2125,219.06
watches5,watches_gifts,01-11-2017,12,19.795,203.2909091,133.0,4.2,19.91666667,108.0,4.2,15.90846154,174.4333333,3.8,20.99277778,216.15
watches5,watches_gifts,01-12-2017,28,17.48678571,224.5428571,149.0,4.2,19.1,108.0,4.2,16.65384615,185.96,3.8,18.686,203.2909091
watches5,watches_gifts,01-01-2018,10,20.496,220.77,220.77,4.1,20.496,108.0,4.2,16.19636364,199.0,3.8,21.88,224.5428571
watches5,watches_gifts,01-02-2018,21,20.90238095,205.6857143,128.2416667,4.2,15.92666667,108.0,4.2,18.25363636,182.0,3.8,19.33,220.77
watches5,watches_gifts,01-03-2018,16,29.476875,216.1875,117.4412903,4.2,18.26129032,105.6428571,4.2,21.6652381,151.8784375,3.8,20.31375,205.6857143
watches5,watches_gifts,01-04-2018,13,4.088461538,204.3846154,105.648625,4.2,2.181647059,105.0,4.2,13.63142857,150.1333333,3.8,19.44777778,216.1875
watches5,watches_gifts,01-05-2018,17,0.0,199.0,103.7925234,4.2,0.095438596,105.0,4.2,11.3772973,132.53125,3.8,15.7621875,204.3846154
health7,health_beauty,01-01-2017,1,11.06,64.99,64.99,3.9,11.06,64.99,3.9,11.06,64.99,3.9,11.06,64.94
health7,health_beauty,01-02-2017,5,15.348,64.99,19.99,4.3,11.75090909,64.99,3.9,15.348,64.99,3.9,15.348,64.99
health7,health_beauty,01-03-2017,9,17.26222222,64.99,19.99,4.3,13.81888889,89.99,4.1,13.02,64.99,3.9,17.26222222,64.99
health7,health_beauty,01-04-2017,9,15.16888889,64.99,19.99,4.3,18.03846154,64.99,3.9,15.16888889,64.99,3.9,15.16888889,64.99
health7,health_beauty,01-05-2017,16,14.811875,64.99,19.99,4.3,14.8475,89.99,4.1,16.09833333,64.99,3.9,14.811875,64.99
health7,health_beauty,01-06-2017,21,13.90333333,58.79952381,19.99,4.3,12.68333333,89.99,4.1,14.16333333,58.79952381,3.9,13.90333333,64.99
health7,health_beauty,01-07-2017,15,17.998,59.25666667,19.99,4.3,11.13517241,89.99,4.1,12.11882353,59.25666667,3.9,17.998,58.79952381
health7,health_beauty,01-08-2017,22,16.24090909,58.99,23.39740741,4.3,14.27678571,89.99,4.1,13.41055556,58.99,3.9,16.24090909,59.25666667
health7,health_beauty,01-09-2017,25,15.6392,58.99,23.99,4.3,16.12,89.99,4.1,13.96428571,58.99,3.9,15.6392,58.99
health7,health_beauty,01-10-2017,19,19.06526316,58.99,23.99,4.3,13.13666667,89.99,4.1,16.56291667,58.99,3.9,19.06526316,58.99
health7,health_beauty,01-11-2017,24,15.71166667,58.99,23.99,4.3,12.37535714,89.99,4.1,16.99038462,58.99,3.9,15.71166667,58.99
health7,health_beauty,01-12-2017,9,16.33222222,58.99,23.99,4.3,12.45684211,89.99,4.1,15.89473684,58.99,3.9,16.33222222,58.99
health7,health_beauty,01-01-2018,6,22.67833333,58.99,23.99,4.3,11.28736842,89.99,4.1,14.811,58.99,3.9,22.67833333,58.99
health7,health_beauty,01-02-2018,14,19.575,58.99,23.99,4.3,12.55,89.99,4.1,16.30764706,58.99,3.9,19.575,58.99
health7,health_beauty,01-03-2018,10,15.228,58.99,23.99,4.3,14.19875,83.74,4.1,11.876875,58.99,3.9,15.228,58.99
health7,health_beauty,01-04-2018,11,16.30272727,58.99,58.99,3.9,16.30272727,79.99,4.1,14.485,58.99,3.9,16.30272727,58.99
health7,health_beauty,01-05-2018,4,9.4225,58.99,23.99,4.3,7.988571429,79.99,4.1,21.943125,58.99,3.9,9.4225,58.99
health7,health_beauty,01-06-2018,6,16.43,58.99,23.99,4.3,16.27,79.99,4.1,13.36230769,58.99,3.9,16.43,58.99
health7,health_beauty,01-07-2018,2,7.67,58.99,23.99,4.3,18.81,79.99,4.1,16.745,58.99,3.9,7.67,58.99
health7,health_beauty,01-08-2018,3,12.08333333,58.99,23.99,4.3,16.77,82.82142857,4.1,12.41857143,58.99,3.9,12.08333333,58.99
bed3,bed_bath_table,01-10-2017,8,16.35375,99.0,89.9,3.9,21.57214286,99.0,3.3,16.35375,45.95,4.0,15.1,98.95
bed3,bed_bath_table,01-11-2017,22,18.79636364,99.0,89.9,3.9,16.294,99.0,3.3,18.79636364,40.53181818,4.0,15.83272727,99.0
bed3,bed_bath_table,01-12-2017,7,18.66285714,99.0,88.48823529,3.9,18.89833333,99.0,3.3,18.66285714,39.99,4.0,15.23,99.0
bed3,bed_bath_table,01-01-2018,11,16.39727273,98.3,86.9,3.9,19.38352941,98.3,3.3,16.39727273,39.99,4.0,16.53368421,99.0
bed3,bed_bath_table,01-02-2018,13,16.19461538,92.0,86.9,3.9,19.20909091,92.0,3.3,16.19461538,39.99,4.0,13.74944444,98.3
bed3,bed_bath_table,01-03-2018,3,14.04333333,92.0,86.9,3.9,19.98235294,92.0,3.3,14.04333333,39.99,4.0,16.46235294,92.0
bed3,bed_bath_table,01-04-2018,9,17.82222222,90.875,85.045,3.9,12.94,90.875,3.3,17.82222222,39.99,4.0,14.23615385,92.0
bed3,bed_bath_table,01-05-2018,14,9.212857143,88.24,83.64961538,3.9,16.78038462,88.24,3.3,9.212857143,39.99,4.0,10.25631579,90.875
bed3,bed_bath_table,01-06-2018,14,17.975,84.9,79.9,3.9,23.00565217,84.9,3.3,17.975,39.99,4.0,13.998,88.24
bed3,bed_bath_table,01-07-2018,9,22.44777778,84.9,77.93333333,3.9,19.952,84.9,3.3,22.44777778,39.99,4.0,20.4175,84.9
bed3,bed_bath_table,01-08-2018,1,4.41,84.9,74.0,3.9,17.25571429,84.9,3.3,4.41,39.24,4.0,16.33375,84.9
garden3,garden_tools,01-02-2017,1,33.0,99.99,99.99,4.1,33.0,99.99,4.1,33.0,99.99,4.1,33.0,99.94
garden3,garden_tools,01-03-2017,11,30.53909091,99.99,99.99,4.1,30.53909091,99.99,4.1,30.53909091,99.99,4.1,30.53909091,99.99
garden3,garden_tools,01-04-2017,8,33.71,96.65666667,96.65666667,4.1,33.71,96.65666667,4.1,33.71,96.65666667,4.1,33.71,99.99
garden3,garden_tools,01-05-2017,2,34.13,109.99,59.9,4.1,19.7325,59.9,4.2,26.24666667,109.99,4.1,34.13,96.65666667
garden3,garden_tools,01-06-2017,2,34.2,119.99,59.9,4.1,17.67,59.9,4.2,16.26,119.99,4.1,34.2,109.99
garden3,garden_tools,01-07-2017,2,36.28,120.0,59.9,4.1,16.62642857,59.9,4.2,16.11157895,59.9,4.1,15.39230769,119.99
garden3,garden_tools,01-09-2017,4,33.09,104.25,59.9,4.1,17.18702703,59.9,4.2,16.81176471,59.9,4.1,16.29461538,104.2
garden3,garden_tools,01-10-2017,12,30.83416667,92.594,59.9,4.1,18.06589744,59.9,4.2,17.59548387,59.9,4.1,16.81416667,104.25
garden3,garden_tools,01-11-2017,21,47.52571429,89.99,52.40694444,4.1,17.06747253,53.64828125,4.2,16.07586207,53.78571429,4.1,18.27550725,92.594
garden3,garden_tools,01-12-2017,14,42.60714286,89.99,55.1,4.1,15.75960784,55.425,4.2,19.184375,55.75,4.1,17.26727273,89.99
garden3,garden_tools,01-01-2018,12,39.19416667,123.3316667,49.9,4.1,19.495,49.9,4.2,15.84103448,49.9,4.1,16.50512821,89.99
garden3,garden_tools,01-02-2018,14,33.00214286,120.0,50.54516129,4.1,16.61153846,50.9,4.2,17.51944444,50.35714286,4.1,18.281875,123.3316667
garden3,garden_tools,01-03-2018,6,50.19333333,113.3333333,53.9,4.1,20.35967742,53.9,4.2,21.85285714,53.9,4.1,19.02423077,120.0
garden3,garden_tools,01-04-2018,7,42.21142857,110.0,53.9,4.1,5.28173913,53.9,4.2,19.46846154,53.9,4.1,19.07142857,113.3333333
garden3,garden_tools,01-05-2018,8,39.37125,110.0,53.41515152,4.1,10.75303571,53.70952381,4.2,13.51034483,53.05789474,4.1,12.98,110.0
garden3,garden_tools,01-06-2018,10,41.186,96.65666667,49.9,4.1,19.89083333,49.9,4.2,23.25166667,49.9,4.1,22.87866667,110.0
garden3,garden_tools,01-07-2018,5,44.232,99.99,49.91,4.1,28.37333333,49.9,4.2,33.28142857,49.9,4.1,20.99,96.65666667
garden3,garden_tools,01-08-2018,2,47.745,99.99,49.91,4.1,20.32833333,49.9,4.2,36.442,49.9,4.1,32.32,99.99
bed2,bed_bath_table,01-02-2017,2,13.02,89.9,89.9,3.9,13.02,89.9,3.9,13.02,89.9,3.9,13.02,89.85
bed2,bed_bath_table,01-03-2017,22,13.65272727,89.9,89.9,3.9,13.65272727,89.9,3.9,13.65272727,89.9,3.9,13.65272727,89.9
bed2,bed_bath_table,01-04-2017,34,15.05,89.9,89.9,3.9,15.05,89.9,3.9,15.05,89.9,3.9,15.05,89.9
bed2,bed_bath_table,01-05-2017,58,15.01189655,89.9,89.9,3.9,15.01189655,215.0,4.4,8.76,45.95,4.0,15.1,89.9
bed2,bed_bath_table,01-06-2017,51,14.76921569,89.9,89.9,3.9,14.76921569,209.0,4.4,21.322,45.95,4.0,12.93333333,89.9
bed2,bed_bath_table,01-07-2017,60,13.99383333,89.9,89.9,3.9,13.99383333,205.0,4.4,22.1959322,45.95,4.0,14.84,89.9
bed2,bed_bath_table,01-08-2017,37,14.65675676,89.9,89.9,3.9,14.65675676,199.5098039,4.4,19.41288462,45.95,4.0,14.2875,89.9
bed2,bed_bath_table,01-09-2017,23,18.77652174,89.9,89.9,3.9,18.77652174,163.3987097,4.4,24.3246875,45.95,4.0,15.1,89.9
bed2,bed_bath_table,01-10-2017,14,21.57214286,89.9,89.9,3.9,21.57214286,89.9,3.9,21.57214286,45.95,4.0,15.1,89.9
bed2,bed_bath_table,01-11-2017,40,16.294,89.9,89.9,3.9,16.294,89.9,3.9,16.294,40.53181818,4.0,15.83272727,89.9
bed2,bed_bath_table,01-12-2017,18,18.89833333,88.48823529,88.48823529,3.9,18.89833333,88.48823529,3.9,18.89833333,39.99,4.0,15.23,89.9
bed2,bed_bath_table,01-01-2018,17,19.38352941,86.9,86.9,3.9,19.38352941,86.9,3.9,19.38352941,39.99,4.0,16.53368421,88.48823529
bed2,bed_bath_table,01-02-2018,22,19.20909091,86.9,86.9,3.9,19.20909091,86.9,3.9,19.20909091,39.99,4.0,13.74944444,86.9
bed2,bed_bath_table,01-03-2018,17,19.98235294,86.9,86.9,3.9,19.98235294,86.9,3.9,19.98235294,39.99,4.0,16.46235294,86.9
bed2,bed_bath_table,01-04-2018,6,12.94,85.045,85.045,3.9,12.94,85.045,3.9,12.94,39.99,4.0,14.23615385,86.9
bed2,bed_bath_table,01-05-2018,26,16.78038462,83.64961538,83.64961538,3.9,16.78038462,83.64961538,3.9,16.78038462,39.99,4.0,10.25631579,85.045
bed2,bed_bath_table,01-06-2018,23,23.00565217,79.9,79.9,3.9,23.00565217,79.9,3.9,23.00565217,39.99,4.0,13.998,83.64961538
bed2,bed_bath_table,01-07-2018,10,19.952,77.93333333,77.93333333,3.9,19.952,77.93333333,3.9,19.952,39.99,4.0,20.4175,79.9
bed2,bed_bath_table,01-08-2018,7,17.25571429,74.0,74.0,3.9,17.25571429,74.0,3.9,17.25571429,39.24,4.0,16.33375,77.93333333
furniture3,furniture_decor,01-08-2017,1,11.85,38.4,75.0,4.1,15.37692308,38.4,3.7,12.105,38.4,3.8,11.85,38.35
furniture3,furniture_decor,01-09-2017,6,13.5,38.4,38.4,3.8,13.5,38.4,3.7,17.95,38.4,3.8,13.5,38.4
furniture3,furniture_decor,01-10-2017,8,15.55875,38.4,75.0,4.1,13.64,38.4,3.7,13.98,38.4,3.8,15.55875,38.4
furniture3,furniture_decor,01-11-2017,34,13.75058824,34.58117647,75.0,4.1,16.13272727,36.85428571,3.7,13.65214286,99.9,4.4,21.19,38.4
furniture3,furniture_decor,01-12-2017,4,11.015,38.4,75.0,4.1,17.44638298,38.4,3.8,11.015,99.9,4.4,20.64666667,34.58117647
furniture3,furniture_decor,01-01-2018,15,14.27533333,38.4,69.9953271,4.1,17.66311475,38.4,3.7,9.34,99.9,4.4,22.81923077,38.4
furniture3,furniture_decor,01-02-2018,4,15.61,38.4,69.9,4.1,16.11590909,38.4,3.7,18.68555556,99.9,4.4,28.89076923,38.4
furniture3,furniture_decor,01-03-2018,14,15.18928571,35.48571429,69.9,4.1,18.42507692,35.48571429,3.7,15.44823529,99.9,4.4,22.14583333,38.4
furniture3,furniture_decor,01-04-2018,4,15.0,35.0,69.9,4.1,9.071566265,35.0,3.7,13.46941176,99.9,4.4,23.32769231,35.48571429
furniture3,furniture_decor,01-05-2018,4,11.58,35.0,69.9,4.1,3.801630435,35.0,3.7,14.63454545,99.9,4.4,19.41076923,35.0
furniture3,furniture_decor,01-06-2018,2,19.32,35.0,89.9,4.1,21.93,35.0,3.7,18.10153846,99.9,4.4,25.636,35.0
furniture3,furniture_decor,01-08-2018,1,19.44,35.0,103.2333333,4.1,22.3,35.0,3.7,15.628125,83.83333333,4.4,23.77666667,34.95
watches4,watches_gifts,01-11-2017,13,15.90846154,108.0,133.0,4.2,19.91666667,108.0,4.2,15.90846154,174.4333333,3.8,20.99277778,107.95
watches4,watches_gifts,01-12-2017,13,16.65384615,108.0,149.0,4.2,19.1,108.0,4.2,16.65384615,185.96,3.8,18.686,108.0
watches4,watches_gifts,01-01-2018,44,16.19636364,108.0,108.0,4.2,16.19636364,108.0,4.2,16.19636364,199.0,3.8,21.88,108.0
watches4,watches_gifts,01-02-2018,33,18.25363636,108.0,128.2416667,4.2,15.92666667,108.0,4.2,18.25363636,182.0,3.8,19.33,108.0
watches4,watches_gifts,01-03-2018,21,21.6652381,105.6428571,117.4412903,4.2,18.26129032,105.6428571,4.2,21.6652381,151.8784375,3.8,20.31375,108.0
watches4,watches_gifts,01-04-2018,21,13.63142857,105.0,105.648625,4.2,2.181647059,105.0,4.2,13.63142857,150.1333333,3.8,19.44777778,105.6428571
watches4,watches_gifts,01-05-2018,37,11.3772973,105.0,103.7925234,4.2,0.095438596,105.0,4.2,11.3772973,132.53125,3.8,15.7621875,105.0
watches4,watches_gifts,01-06-2018,28,23.82357143,105.0,119.0,4.2,19.20666667,105.0,4.2,23.82357143,138.22,3.8,16.108,105.0
watches4,watches_gifts,01-07-2018,8,24.93875,105.0,118.3636364,4.2,15.48,105.0,4.2,24.93875,155.0,3.8,16.47,105.0
watches4,watches_gifts,01-08-2018,7,23.38571429,105.0,112.0,4.2,13.44,105.0,4.2,23.38571429,145.5509091,3.8,21.89727273,105.0
watches3,watches_gifts,01-03-2017,1,17.98,78.0,78.0,3.9,17.98,78.0,3.9,17.98,241.006,3.8,21.318,77.95
watches3,watches_gifts,01-06-2017,3,10.3,78.0,163.0,4.2,14.265,78.0,3.9,10.3,185.0,3.8,14.74,77.95
watches3,watches_gifts,01-07-2017,1,14.3,78.0,161.5909091,4.2,15.52545455,78.0,3.9,14.3,197.383,3.8,16.606,78.0
watches3,watches_gifts,01-08-2017,5,18.22,78.0,160.6692308,4.2,15.18538462,78.0,3.9,18.22,179.9,3.8,14.92666667,78.0
watches3,watches_gifts,01-10-2017,3,12.13333333,78.0,134.9,4.2,6.81,78.0,3.9,12.13333333,232.49,3.8,14.2125,77.95
watches3,watches_gifts,01-11-2017,2,7.8,78.0,133.0,4.2,19.91666667,108.0,4.2,15.90846154,174.4333333,3.8,20.99277778,78.0
watches3,watches_gifts,01-12-2017,6,19.69166667,78.0,149.0,4.2,19.1,108.0,4.2,16.65384615,185.96,3.8,18.686,78.0
watches3,watches_gifts,01-01-2018,9,14.63333333,78.0,78.0,3.9,14.63333333,108.0,4.2,16.19636364,199.0,3.8,21.88,78.0
watches3,watches_gifts,01-02-2018,1,15.3,78.0,128.2416667,4.2,15.92666667,108.0,4.2,18.25363636,182.0,3.8,19.33,78.0
watches3,watches_gifts,01-03-2018,1,19.24,78.0,117.4412903,4.2,18.26129032,105.6428571,4.2,21.6652381,151.8784375,3.8,20.31375,78.0
watches3,watches_gifts,01-04-2018,16,16.645625,78.0,105.648625,4.2,2.181647059,105.0,4.2,13.63142857,150.1333333,3.8,19.44777778,78.0
watches3,watches_gifts,01-05-2018,5,10.24,78.0,103.7925234,4.2,0.095438596,105.0,4.2,11.3772973,132.53125,3.8,15.7621875,78.0
watches3,watches_gifts,01-06-2018,39,15.6825641,78.0,119.0,4.2,19.20666667,105.0,4.2,23.82357143,138.22,3.8,16.108,78.0
watches3,watches_gifts,01-07-2018,40,17.9795,78.0,118.3636364,4.2,15.48,105.0,4.2,24.93875,155.0,3.8,16.47,78.0
watches3,watches_gifts,01-08-2018,28,13.09035714,77.82142857,112.0,4.2,13.44,105.0,4.2,23.38571429,145.5509091,3.8,21.89727273,78.0
furniture2,furniture_decor,01-07-2017,5,15.856,75.0,75.0,4.1,15.856,38.4,3.7,7.78,75.0,4.1,15.856,74.95
furniture2,furniture_decor,01-08-2017,13,15.37692308,75.0,75.0,4.1,15.37692308,38.4,3.7,12.105,75.0,4.1,15.37692308,75.0
furniture2,furniture_decor,01-10-2017,5,13.64,75.0,75.0,4.1,13.64,38.4,3.7,13.98,75.0,4.1,13.64,74.95
furniture2,furniture_decor,01-11-2017,44,16.13272727,75.0,75.0,4.1,16.13272727,36.85428571,3.7,13.65214286,99.9,4.4,21.19,75.0
furniture2,furniture_decor,01-12-2017,47,17.44638298,75.0,75.0,4.1,17.44638298,75.0,4.1,17.44638298,99.9,4.4,20.64666667,75.0
furniture2,furniture_decor,01-01-2018,122,17.66311475,69.9953271,69.9953271,4.1,17.66311475,38.4,3.7,9.34,99.9,4.4,22.81923077,75.0
furniture2,furniture_decor,01-02-2018,44,16.11590909,69.9,69.9,4.1,16.11590909,38.4,3.7,18.68555556,99.9,4.4,28.89076923,69.9953271
furniture2,furniture_decor,01-03-2018,65,18.42507692,69.9,69.9,4.1,18.42507692,35.48571429,3.7,15.44823529,99.9,4.4,22.14583333,69.9
furniture2,furniture_decor,01-04-2018,83,9.071566265,69.9,69.9,4.1,9.071566265,35.0,3.7,13.46941176,99.9,4.4,23.32769231,69.9
furniture2,furniture_decor,01-05-2018,92,3.801630435,69.9,69.9,4.1,3.801630435,35.0,3.7,14.63454545,99.9,4.4,19.41076923,69.9
furniture2,furniture_decor,01-06-2018,2,21.93,89.9,89.9,4.1,21.93,35.0,3.7,18.10153846,99.9,4.4,25.636,69.9
furniture2,furniture_decor,01-07-2018,2,29.79,89.9,89.9,4.1,29.79,35.0,3.7,17.238,78.53571429,4.4,23.84714286,89.9
furniture2,furniture_decor,01-08-2018,3,22.3,103.2333333,103.2333333,4.1,22.3,35.0,3.7,15.628125,83.83333333,4.4,23.77666667,89.9
garden2,garden_tools,01-04-2017,5,18.652,59.9,59.9,4.3,18.652,59.9,4.3,18.652,59.9,4.3,18.652,59.85
garden2,garden_tools,01-05-2017,2,17.67,59.9,59.9,4.1,19.7325,59.9,4.2,26.24666667,59.9,4.3,17.67,59.9
garden2,garden_tools,01-06-2017,5,15.978,59.9,59.9,4.1,17.67,59.9,4.2,16.26,59.9,4.3,15.978,59.9
garden2,garden_tools,01-07-2017,15,17.87866667,59.9,59.9,4.1,16.62642857,59.9,4.2,16.11157895,59.9,4.1,15.39230769,59.9
garden2,garden_tools,01-08-2017,19,16.11157895,59.9,59.9,4.1,18.16230769,59.9,4.2,17.68111111,59.9,4.1,18.05043478,59.9
garden2,garden_tools,01-09-2017,34,19.71176471,59.9,59.9,4.1,17.18702703,59.9,4.2,16.81176471,59.9,4.1,16.29461538,59.9
garden2,garden_tools,01-10-2017,13,18.98153846,59.9,59.9,4.1,18.06589744,59.9,4.2,17.59548387,59.9,4.1,16.81416667,59.9
garden2,garden_tools,01-11-2017,9,45.69666667,54.45,52.40694444,4.1,17.06747253,53.64828125,4.2,16.07586207,53.78571429,4.1,18.27550725,59.9
garden2,garden_tools,01-12-2017,1,18.0,49.9,55.1,4.1,15.75960784,55.425,4.2,19.184375,55.75,4.1,17.26727273,54.45
garden2,garden_tools,01-01-2018,1,35.86,49.9,49.9,4.1,19.495,49.9,4.2,15.84103448,49.9,4.1,16.50512821,49.9
garden2,garden_tools,01-02-2018,4,33.525,51.23333333,50.54516129,4.1,16.61153846,50.9,4.2,17.51944444,50.35714286,4.1,18.281875,49.9
garden2,garden_tools,01-03-2018,2,62.27,53.9,53.9,4.1,20.35967742,53.9,4.2,21.85285714,53.9,4.1,19.02423077,51.23333333
garden2,garden_tools,01-04-2018,2,33.93,53.9,53.9,4.1,5.28173913,53.9,4.2,19.46846154,53.9,4.1,19.07142857,53.9
garden2,garden_tools,01-05-2018,4,21.21,49.9,53.41515152,4.1,10.75303571,53.70952381,4.2,13.51034483,53.05789474,4.1,12.98,53.9
garden2,garden_tools,01-06-2018,5,22.42,49.9,49.9,4.1,19.89083333,49.9,4.2,23.25166667,49.9,4.1,22.87866667,49.9
garden2,garden_tools,01-07-2018,3,34.55,49.9,49.91,4.1,28.37333333,49.9,4.2,33.28142857,49.9,4.1,20.99,49.9
garden2,garden_tools,01-08-2018,3,20.99,49.9,49.91,4.1,20.32833333,49.9,4.2,36.442,49.9,4.1,32.32,49.9
furniture1,furniture_decor,01-07-2017,1,7.78,38.4,75.0,4.1,15.856,38.4,3.7,7.78,38.4,3.7,7.78,38.35
furniture1,furniture_decor,01-08-2017,8,12.105,38.4,75.0,4.1,15.37692308,38.4,3.7,12.105,38.4,3.7,12.105,38.4
furniture1,furniture_decor,01-09-2017,12,17.95,38.4,38.4,3.7,17.95,38.4,3.7,17.95,38.4,3.7,17.95,38.4
furniture1,furniture_decor,01-10-2017,25,13.98,38.4,75.0,4.1,13.64,38.4,3.7,13.98,38.4,3.7,13.98,38.4
furniture1,furniture_decor,01-11-2017,28,13.65214286,36.85428571,75.0,4.1,16.13272727,36.85428571,3.7,13.65214286,99.9,4.4,21.19,38.4
furniture1,furniture_decor,01-01-2018,2,9.34,38.4,69.9953271,4.1,17.66311475,38.4,3.7,9.34,99.9,4.4,22.81923077,38.35
furniture1,furniture_decor,01-02-2018,9,18.68555556,38.4,69.9,4.1,16.11590909,38.4,3.7,18.68555556,99.9,4.4,28.89076923,38.4
furniture1,furniture_decor,01-03-2018,17,15.44823529,35.48571429,69.9,4.1,18.42507692,35.48571429,3.7,15.44823529,99.9,4.4,22.14583333,38.4
furniture1,furniture_decor,01-04-2018,17,13.46941176,35.0,69.9,4.1,9.071566265,35.0,3.7,13.46941176,99.9,4.4,23.32769231,35.48571429
furniture1,furniture_decor,01-05-2018,11,14.63454545,35.0,69.9,4.1,3.801630435,35.0,3.7,14.63454545,99.9,4.4,19.41076923,35.0
furniture1,furniture_decor,01-06-2018,13,18.10153846,35.0,89.9,4.1,21.93,35.0,3.7,18.10153846,99.9,4.4,25.636,35.0
furniture1,furniture_decor,01-07-2018,10,17.238,35.0,89.9,4.1,29.79,35.0,3.7,17.238,78.53571429,4.4,23.84714286,35.0
furniture1,furniture_decor,01-08-2018,16,15.628125,35.0,103.2333333,4.1,22.3,35.0,3.7,15.628125,83.83333333,4.4,23.77666667,35.0
health2,health_beauty,01-08-2017,6,21.075,325.0,23.39740741,4.3,14.27678571,89.99,4.1,13.41055556,58.99,3.9,16.24090909,324.95
health2,health_beauty,01-09-2017,11,19.52363636,325.0,23.99,4.3,16.12,89.99,4.1,13.96428571,58.99,3.9,15.6392,325.0
health2,health_beauty,01-10-2017,2,19.545,325.0,23.99,4.3,13.13666667,89.99,4.1,16.56291667,58.99,3.9,19.06526316,325.0
health2,health_beauty,01-11-2017,12,16.99416667,325.0,23.99,4.3,12.37535714,89.99,4.1,16.99038462,58.99,3.9,15.71166667,325.0
health2,health_beauty,01-12-2017,6,17.58333333,325.0,23.99,4.3,12.45684211,89.99,4.1,15.89473684,58.99,3.9,16.33222222,325.0
health2,health_beauty,01-01-2018,10,19.824,325.0,23.99,4.3,11.28736842,89.99,4.1,14.811,58.99,3.9,22.67833333,325.0
health2,health_beauty,01-02-2018,23,15.63782609,325.0,23.99,4.3,12.55,89.99,4.1,16.30764706,58.99,3.9,19.575,325.0
health2,health_beauty,01-03-2018,28,19.37035714,325.8928571,23.99,4.3,14.19875,83.74,4.1,11.876875,58.99,3.9,15.228,325.0
health2,health_beauty,01-04-2018,21,17.30904762,330.0,330.0,4.2,17.30904762,79.99,4.1,14.485,58.99,3.9,16.30272727,325.8928571
health2,health_beauty,01-05-2018,19,15.74789474,330.0,23.99,4.3,7.988571429,79.99,4.1,21.943125,58.99,3.9,9.4225,330.0
health2,health_beauty,01-06-2018,16,20.29875,330.0,23.99,4.3,16.27,79.99,4.1,13.36230769,58.99,3.9,16.43,330.0
health2,health_beauty,01-07-2018,13,28.42,330.0,23.99,4.3,18.81,79.99,4.1,16.745,58.99,3.9,7.67,330.0
health2,health_beauty,01-08-2018,28,20.50535714,330.0,23.99,4.3,16.77,82.82142857,4.1,12.41857143,58.99,3.9,12.08333333,330.0
garden1,garden_tools,01-02-2017,1,28.89,99.99,99.99,4.3,28.89,99.99,4.3,28.89,99.99,4.3,28.89,99.94
garden1,garden_tools,01-03-2017,5,31.946,99.99,99.99,4.3,31.946,99.99,4.3,31.946,99.99,4.3,31.946,99.99
garden1,garden_tools,01-05-2017,4,32.0925,109.99,59.9,4.1,19.7325,59.9,4.2,26.24666667,109.99,4.3,32.0925,109.94
garden1,garden_tools,01-06-2017,6,38.35166667,109.99,59.9,4.1,17.67,59.9,4.2,16.26,109.99,4.3,38.35166667,109.99
garden1,garden_tools,01-07-2017,1,34.2,120.0,59.9,4.1,16.62642857,59.9,4.2,16.11157895,59.9,4.1,15.39230769,109.99
garden1,garden_tools,01-08-2017,2,33.83,120.0,59.9,4.1,18.16230769,59.9,4.2,17.68111111,59.9,4.1,18.05043478,120.0
garden1,garden_tools,01-09-2017,7,30.04,102.5,59.9,4.1,17.18702703,59.9,4.2,16.81176471,59.9,4.1,16.29461538,120.0
garden1,garden_tools,01-10-2017,17,41.08941176,95.29,59.9,4.1,18.06589744,59.9,4.2,17.59548387,59.9,4.1,16.81416667,102.5
garden1,garden_tools,01-11-2017,28,39.33678571,89.99,52.40694444,4.1,17.06747253,53.64828125,4.2,16.07586207,53.78571429,4.1,18.27550725,95.29
garden1,garden_tools,01-12-2017,27,38.4162963,89.99,55.1,4.1,15.75960784,55.425,4.2,19.184375,55.75,4.1,17.26727273,89.99
garden1,garden_tools,01-01-2018,11,45.97,127.7272727,49.9,4.1,19.495,49.9,4.2,15.84103448,49.9,4.1,16.50512821,89.99
garden1,garden_tools,01-02-2018,7,43.38142857,120.0,50.54516129,4.1,16.61153846,50.9,4.2,17.51944444,50.35714286,4.1,18.281875,127.7272727
garden1,garden_tools,01-03-2018,6,54.53166667,110.0,53.9,4.1,20.35967742,53.9,4.2,21.85285714,53.9,4.1,19.02423077,120.0
garden1,garden_tools,01-04-2018,5,42.726,110.0,53.9,4.1,5.28173913,53.9,4.2,19.46846154,53.9,4.1,19.07142857,110.0
garden1,garden_tools,01-05-2018,2,32.23,110.0,53.41515152,4.1,10.75303571,53.70952381,4.2,13.51034483,53.05789474,4.1,12.98,110.0
garden1,garden_tools,01-06-2018,6,48.17833333,89.99,49.9,4.1,19.89083333,49.9,4.2,23.25166667,49.9,4.1,22.87866667,110.0
garden1,garden_tools,01-07-2018,7,43.68,99.99,49.91,4.1,28.37333333,49.9,4.2,33.28142857,49.9,4.1,20.99,89.99
garden1,garden_tools,01-08-2018,6,34.08333333,98.32333333,49.91,4.1,20.32833333,49.9,4.2,36.442,49.9,4.1,32.32,99.99
cool1,cool_stuff,01-02-2017,7,21.97142857,85.70428571,85.70428571,4.2,21.97142857,85.70428571,4.2,21.97142857,85.70428571,4.2,21.97142857,85.65428571
cool1,cool_stuff,01-03-2017,14,16.64428571,99.99,99.99,4.2,16.64428571,129.99,4.3,18.77875,99.99,4.2,16.64428571,85.70428571
cool1,cool_stuff,01-04-2017,17,14.20235294,99.99,99.99,4.2,14.20235294,129.99,4.3,17.39642857,99.99,4.2,14.20235294,99.99
cool1,cool_stuff,01-05-2017,22,15.02090909,99.99,99.99,4.2,15.02090909,129.99,4.3,18.27277778,99.99,4.2,15.02090909,99.99
cool1,cool_stuff,01-06-2017,14,13.82642857,99.99,99.99,4.2,13.82642857,129.99,4.3,17.06117647,99.99,4.2,13.82642857,99.99
cool1,cool_stuff,01-07-2017,11,16.52909091,99.99,99.99,4.2,16.52909091,129.99,4.3,18.715625,99.99,4.2,16.52909091,99.99
cool1,cool_stuff,01-08-2017,14,18.975,99.99,99.99,4.2,18.975,116.9275,4.3,19.02125,99.99,4.2,18.975,99.99
cool1,cool_stuff,01-09-2017,3,15.93333333,99.99,99.99,4.2,15.93333333,99.99,4.2,15.93333333,29.5,4.4,11.73,99.99
cool1,cool_stuff,01-10-2017,2,16.95,99.99,99.99,4.2,16.95,119.99,4.3,19.997,99.99,4.2,16.95,99.99
cool1,cool_stuff,01-11-2017,4,16.1875,99.99,99.99,4.2,16.1875,129.99,4.3,22.67444444,99.99,4.2,16.1875,99.99
cool1,cool_stuff,01-12-2017,3,15.26666667,99.99,99.99,4.2,15.26666667,129.99,4.3,25.59,99.99,4.2,15.26666667,99.99
cool1,cool_stuff,01-01-2018,3,16.54,99.99,99.99,4.2,16.54,129.99,4.3,17.41,29.5,4.4,16.53263158,99.99
cool1,cool_stuff,01-02-2018,1,13.72,99.99,99.99,4.2,13.72,129.99,4.3,16.71,99.99,4.2,13.72,99.99
cool1,cool_stuff,01-03-2018,2,20.78,99.99,99.99,4.2,20.78,129.99,4.3,18.49,35.0,4.4,16.25615385,99.99
cool1,cool_stuff,01-04-2018,3,19.87666667,89.86333333,89.86333333,4.2,19.87666667,129.99,4.3,23.49,35.0,4.4,14.845,99.99
computers4,computers_accessories,01-02-2017,3,33.4,159.99,159.99,4.2,33.4,159.99,4.2,33.4,159.99,4.2,33.4,159.94
computers4,computers_accessories,01-03-2017,3,33.4,159.99,159.99,4.2,33.4,159.99,4.2,33.4,159.99,4.2,33.4,159.99
computers4,computers_accessories,01-04-2017,5,35.122,139.99,139.99,4.2,35.122,139.99,4.2,35.122,139.99,4.2,35.122,159.99
computers4,computers_accessories,01-06-2017,3,42.03333333,159.99,159.99,4.2,42.03333333,159.99,4.2,42.03333333,159.99,4.2,42.03333333,159.94
computers4,computers_accessories,01-07-2017,6,48.10833333,139.99,139.99,4.2,48.10833333,139.99,4.2,48.10833333,139.99,4.2,48.10833333,159.99
computers4,computers_accessories,01-08-2017,7,36.46,145.7042857,145.7042857,4.2,36.46,145.7042857,4.2,36.46,145.7042857,4.2,36.46,139.99
computers4,computers_accessories,01-09-2017,11,43.72272727,151.99,151.99,4.2,43.72272727,151.99,4.2,43.72272727,151.99,4.2,43.72272727,145.7042857
computers4,computers_accessories,01-10-2017,17,43.88117647,154.6958824,154.6958824,4.2,43.88117647,154.6958824,4.2,43.88117647,154.6958824,4.2,43.88117647,151.99
computers4,computers_accessories,01-11-2017,18,42.51722222,149.99,149.99,4.2,42.51722222,149.99,4.2,42.51722222,109.9,3.5,15.52,154.6958824
computers4,computers_accessories,01-12-2017,23,38.57,149.99,149.99,4.2,38.57,149.99,4.2,38.57,109.9,3.5,25.24916667,149.99
computers4,computers_accessories,01-01-2018,43,36.8072093,156.5113514,156.5113514,4.2,36.8072093,150.3545455,4.3,22.54772727,97.6425,3.5,14.84655172,149.99
computers4,computers_accessories,01-02-2018,31,41.16322581,149.0,149.0,4.2,41.16322581,149.9,4.3,26.55289855,78.7122807,3.5,14.53591549,156.5113514
computers4,computers_accessories,01-03-2018,44,48.0475,136.1428571,136.1428571,4.2,48.0475,149.9,4.3,28.47588235,81.02391304,3.5,18.22148148,149.0
computers4,computers_accessories,01-04-2018,56,27.25303571,120.9230769,120.9230769,4.2,27.25303571,149.9,4.3,30.22742857,80.66666667,3.5,18.17230769,136.1428571
computers4,computers_accessories,01-05-2018,25,39.2172,119.0,119.0,4.2,39.2172,149.9,4.3,18.94307692,79.8,3.5,14.41454545,120.9230769
computers4,computers_accessories,01-06-2018,27,53.62555556,114.4911538,114.4911538,4.2,53.62555556,149.9,4.3,27.62666667,78.9,3.5,17.328,119.0
computers4,computers_accessories,01-07-2018,9,48.62666667,119.99,119.99,4.2,48.62666667,149.9,4.3,33.57153846,77.9,3.5,14.63857143,114.4911538
computers4,computers_accessories,01-08-2018,10,39.046,119.99,119.99,4.2,39.046,149.9,4.3,24.76,77.9,3.5,13.415,119.99
watches7,watches_gifts,01-08-2017,2,13.845,339.0,160.6692308,4.2,15.18538462,339.0,3.7,13.845,179.9,3.8,14.92666667,338.95
watches7,watches_gifts,01-09-2017,1,13.94,339.0,148.7785714,4.2,14.04111111,339.0,3.7,13.94,164.57,3.8,19.528,339.0
watches7,watches_gifts,01-10-2017,10,13.455,346.158,134.9,4.2,6.81,346.158,3.7,13.455,232.49,3.8,14.2125,339.0
watches7,watches_gifts,01-11-2017,9,14.27555556,345.7066667,133.0,4.2,19.91666667,108.0,4.2,15.90846154,174.4333333,3.8,20.99277778,346.158
watches7,watches_gifts,01-12-2017,11,16.10272727,348.8,149.0,4.2,19.1,108.0,4.2,16.65384615,185.96,3.8,18.686,345.7066667
watches7,watches_gifts,01-01-2018,1,17.13,339.9,339.9,3.7,17.13,108.0,4.2,16.19636364,199.0,3.8,21.88,348.8
watches7,watches_gifts,01-02-2018,5,17.176,347.0,128.2416667,4.2,15.92666667,108.0,4.2,18.25363636,182.0,3.8,19.33,339.9
watches7,watches_gifts,01-03-2018,6,18.22333333,307.8333333,117.4412903,4.2,18.26129032,105.6428571,4.2,21.6652381,151.8784375,3.8,20.31375,347.0
watches7,watches_gifts,01-04-2018,6,18.16833333,280.6666667,105.648625,4.2,2.181647059,105.0,4.2,13.63142857,150.1333333,3.8,19.44777778,307.8333333
watches7,watches_gifts,01-05-2018,23,13.63130435,258.9695652,103.7925234,4.2,0.095438596,105.0,4.2,11.3772973,132.53125,3.8,15.7621875,280.6666667
watches7,watches_gifts,01-06-2018,4,14.795,245.9,119.0,4.2,19.20666667,105.0,4.2,23.82357143,138.22,3.8,16.108,258.9695652
watches7,watches_gifts,01-07-2018,45,17.95355556,169.3493182,118.3636364,4.2,15.48,105.0,4.2,24.93875,155.0,3.8,16.47,245.9
computers3,computers_accessories,01-05-2017,15,18.75466667,178.0571429,178.0571429,4.2,18.75466667,178.0571429,4.2,18.75466667,178.0571429,4.2,18.75466667,178.0071429
computers3,computers_accessories,01-06-2017,15,21.70066667,149.8525,159.99,4.2,42.03333333,149.8525,4.2,21.70066667,149.8525,4.2,21.70066667,178.0571429
computers3,computers_accessories,01-07-2017,4,18.27,146.6,139.99,4.2,48.10833333,146.6,4.2,18.27,146.6,4.2,18.27,149.8525
computers3,computers_accessories,01-08-2017,13,19.28538462,144.96,145.7042857,4.2,36.46,144.96,4.2,19.28538462,144.96,4.2,19.28538462,146.6
computers3,computers_accessories,01-09-2017,12,35.9225,138.59,151.99,4.2,43.72272727,138.59,4.2,35.9225,138.59,4.2,35.9225,144.96
computers3,computers_accessories,01-10-2017,16,36.021875,137.9,154.6958824,4.2,43.88117647,137.9,4.2,36.021875,137.9,4.2,36.021875,138.59
computers3,computers_accessories,01-11-2017,18,39.39888889,137.9,149.99,4.2,42.51722222,137.9,4.2,39.39888889,109.9,3.5,15.52,137.9
computers3,computers_accessories,01-12-2017,2,38.78,134.9,149.99,4.2,38.57,134.9,4.2,38.78,109.9,3.5,25.24916667,137.9
computers3,computers_accessories,01-01-2018,5,38.044,133.0,156.5113514,4.2,36.8072093,150.3545455,4.3,22.54772727,97.6425,3.5,14.84655172,134.9
computers3,computers_accessories,01-02-2018,3,14.59666667,132.97,149.0,4.2,41.16322581,149.9,4.3,26.55289855,78.7122807,3.5,14.53591549,133.0
health4,health_beauty,01-10-2017,1,11.85,29.9,23.99,4.3,13.13666667,89.99,4.1,16.56291667,58.99,3.9,19.06526316,29.85
health4,health_beauty,01-11-2017,6,12.51,29.9,23.99,4.3,12.37535714,89.99,4.1,16.99038462,58.99,3.9,15.71166667,29.9
health4,health_beauty,01-12-2017,6,10.115,29.9,23.99,4.3,12.45684211,89.99,4.1,15.89473684,58.99,3.9,16.33222222,29.9
health4,health_beauty,01-01-2018,15,9.551333333,29.9,23.99,4.3,11.28736842,89.99,4.1,14.811,58.99,3.9,22.67833333,29.9
health4,health_beauty,01-02-2018,16,10.09125,29.9,23.99,4.3,12.55,89.99,4.1,16.30764706,58.99,3.9,19.575,29.9
health4,health_beauty,01-03-2018,11,11.43454545,29.9,23.99,4.3,14.19875,83.74,4.1,11.876875,58.99,3.9,15.228,29.9
health4,health_beauty,01-04-2018,22,10.10318182,29.9,29.9,4.5,10.10318182,79.99,4.1,14.485,58.99,3.9,16.30272727,29.9
health4,health_beauty,01-05-2018,22,9.772727273,29.9,23.99,4.3,7.988571429,79.99,4.1,21.943125,58.99,3.9,9.4225,29.9
health4,health_beauty,01-06-2018,7,11.50285714,29.9,23.99,4.3,16.27,79.99,4.1,13.36230769,58.99,3.9,16.43,29.9
health4,health_beauty,01-07-2018,18,9.365555556,29.9,23.99,4.3,18.81,79.99,4.1,16.745,58.99,3.9,7.67,29.9
health4,health_beauty,01-08-2018,13,9.553076923,29.9,23.99,4.3,16.77,82.82142857,4.1,12.41857143,58.99,3.9,12.08333333,29.9
watches1,watches_gifts,01-03-2017,5,21.318,241.006,241.006,3.8,21.318,241.006,3.8,21.318,241.006,3.8,21.318,240.956
watches1,watches_gifts,01-04-2017,3,21.22666667,255.61,255.61,3.8,21.22666667,255.61,3.8,21.22666667,255.61,3.8,21.22666667,241.006
watches1,watches_gifts,01-06-2017,5,14.74,185.0,163.0,4.2,14.265,185.0,3.8,14.74,185.0,3.8,14.74,184.95
watches1,watches_gifts,01-07-2017,10,16.606,197.383,161.5909091,4.2,15.52545455,197.383,3.8,16.606,197.383,3.8,16.606,185.0
watches1,watches_gifts,01-08-2017,15,14.92666667,179.9,160.6692308,4.2,15.18538462,179.9,3.8,14.92666667,179.9,3.8,14.92666667,197.383
watches1,watches_gifts,01-09-2017,20,19.528,164.57,148.7785714,4.2,14.04111111,164.57,3.8,19.528,164.57,3.8,19.528,179.9
watches1,watches_gifts,01-10-2017,4,14.2125,232.49,134.9,4.2,6.81,232.49,3.8,14.2125,232.49,3.8,14.2125,164.57
watches1,watches_gifts,01-11-2017,18,20.99277778,174.4333333,133.0,4.2,19.91666667,108.0,4.2,15.90846154,174.4333333,3.8,20.99277778,232.49
watches1,watches_gifts,01-12-2017,5,18.686,185.96,149.0,4.2,19.1,108.0,4.2,16.65384615,185.96,3.8,18.686,174.4333333
watches1,watches_gifts,01-01-2018,2,21.88,199.0,199.0,3.8,21.88,108.0,4.2,16.19636364,199.0,3.8,21.88,185.96
watches1,watches_gifts,01-02-2018,6,19.33,182.0,128.2416667,4.2,15.92666667,108.0,4.2,18.25363636,182.0,3.8,19.33,199.0
watches1,watches_gifts,01-03-2018,32,20.31375,151.8784375,117.4412903,4.2,18.26129032,105.6428571,4.2,21.6652381,151.8784375,3.8,20.31375,182.0
watches1,watches_gifts,01-04-2018,9,19.44777778,150.1333333,105.648625,4.2,2.181647059,105.0,4.2,13.63142857,150.1333333,3.8,19.44777778,151.8784375
watches1,watches_gifts,01-05-2018,32,15.7621875,132.53125,103.7925234,4.2,0.095438596,105.0,4.2,11.3772973,132.53125,3.8,15.7621875,150.1333333
watches1,watches_gifts,01-06-2018,15,16.108,138.22,119.0,4.2,19.20666667,105.0,4.2,23.82357143,138.22,3.8,16.108,132.53125
watches1,watches_gifts,01-07-2018,2,16.47,155.0,118.3636364,4.2,15.48,105.0,4.2,24.93875,155.0,3.8,16.47,138.22
watches1,watches_gifts,01-08-2018,11,21.89727273,145.5509091,112.0,4.2,13.44,105.0,4.2,23.38571429,145.5509091,3.8,21.89727273,155.0
computers2,computers_accessories,01-11-2017,1,15.52,109.9,149.99,4.2,42.51722222,109.9,3.5,15.52,109.9,3.5,15.52,109.85
computers2,computers_accessories,01-12-2017,12,25.24916667,109.9,149.99,4.2,38.57,109.9,3.5,25.24916667,109.9,3.5,25.24916667,109.9
computers2,computers_accessories,01-01-2018,29,14.84655172,97.6425,156.5113514,4.2,36.8072093,150.3545455,4.3,22.54772727,97.6425,3.5,14.84655172,109.9
computers2,computers_accessories,01-02-2018,71,14.53591549,78.7122807,149.0,4.2,41.16322581,149.9,4.3,26.55289855,78.7122807,3.5,14.53591549,97.6425
computers2,computers_accessories,01-03-2018,27,18.22148148,81.02391304,136.1428571,4.2,48.0475,149.9,4.3,28.47588235,81.02391304,3.5,18.22148148,78.7122807
computers2,computers_accessories,01-04-2018,13,18.17230769,80.66666667,120.9230769,4.2,27.25303571,149.9,4.3,30.22742857,80.66666667,3.5,18.17230769,81.02391304
computers2,computers_accessories,01-05-2018,11,14.41454545,79.8,119.0,4.2,39.2172,149.9,4.3,18.94307692,79.8,3.5,14.41454545,80.66666667
computers2,computers_accessories,01-06-2018,10,17.328,78.9,114.4911538,4.2,53.62555556,149.9,4.3,27.62666667,78.9,3.5,17.328,79.8
computers2,computers_accessories,01-07-2018,7,14.63857143,77.9,119.99,4.2,48.62666667,149.9,4.3,33.57153846,77.9,3.5,14.63857143,78.9
computers2,computers_accessories,01-08-2018,2,13.415,77.9,119.99,4.2,39.046,149.9,4.3,24.76,77.9,3.5,13.415,77.9
bed4,bed_bath_table,01-10-2017,29,13.88241379,45.9,89.9,3.9,21.57214286,45.9,4.2,13.88241379,45.95,4.0,15.1,45.85
bed4,bed_bath_table,01-11-2017,32,13.95875,44.15444444,89.9,3.9,16.294,44.15444444,4.2,13.95875,40.53181818,4.0,15.83272727,45.9
bed4,bed_bath_table,01-12-2017,12,13.6875,45.9,88.48823529,3.9,18.89833333,45.9,4.2,13.6875,39.99,4.0,15.23,44.15444444
bed4,bed_bath_table,01-01-2018,19,14.18210526,45.9,86.9,3.9,19.38352941,45.9,4.2,14.18210526,39.99,4.0,16.53368421,45.9
bed4,bed_bath_table,01-02-2018,16,12.1725,45.9,86.9,3.9,19.20909091,45.9,4.2,12.1725,39.99,4.0,13.74944444,45.9
bed4,bed_bath_table,01-03-2018,8,15.22625,47.9,86.9,3.9,19.98235294,47.9,4.2,15.22625,39.99,4.0,16.46235294,45.9
bed4,bed_bath_table,01-04-2018,7,19.08428571,47.9,85.045,3.9,12.94,47.9,4.2,19.08428571,39.99,4.0,14.23615385,47.9
bed4,bed_bath_table,01-05-2018,2,12.055,47.9,83.64961538,3.9,16.78038462,47.9,4.2,12.055,39.99,4.0,10.25631579,47.9
bed4,bed_bath_table,01-06-2018,4,12.6375,47.9,79.9,3.9,23.00565217,47.9,4.2,12.6375,39.99,4.0,13.998,47.9
bed4,bed_bath_table,01-07-2018,2,24.69,47.9,77.93333333,3.9,19.952,47.9,4.2,24.69,39.99,4.0,20.4175,47.9
bed5,bed_bath_table,01-05-2017,1,8.76,215.0,89.9,3.9,15.01189655,215.0,4.4,8.76,45.95,4.0,15.1,214.95
bed5,bed_bath_table,01-06-2017,10,21.322,209.0,89.9,3.9,14.76921569,209.0,4.4,21.322,45.95,4.0,12.93333333,215.0
bed5,bed_bath_table,01-07-2017,59,22.1959322,205.0,89.9,3.9,13.99383333,205.0,4.4,22.1959322,45.95,4.0,14.84,209.0
bed5,bed_bath_table,01-08-2017,52,19.41288462,199.5098039,89.9,3.9,14.65675676,199.5098039,4.4,19.41288462,45.95,4.0,14.2875,205.0
bed5,bed_bath_table,01-09-2017,32,24.3246875,163.3987097,89.9,3.9,18.77652174,163.3987097,4.4,24.3246875,45.95,4.0,15.1,199.5098039
